,,Arctic Ocean (external boundaries),,,,Arctic Ocean (external boundaries),,,,Arctic Ocean (external boundaries),,,,Arctic Ocean (external boundaries),,,,Barents Sea,,,,Barents Sea,,,,Barents Sea,,,,Kara Sea,,,,Kara Sea,,,,Kara Sea,,,,Laptev Sea,,,,Laptev Sea,,,,Laptev Sea,,,,East Siberian Seas (ESS),,,,East Siberian Seas (ESS),,,,East Siberian Seas (ESS),,,,Beaufort Sea,,,,Beaufort Sea,,,,Beaufort Sea,,,,Canadian Arctic Archipelago (CAA),,,,Canadian Arctic Archipelago (CAA),,,,Canadian Arctic Archipelago (CAA),,,,Canadian Arctic Archipelago (CAA),,,,Canadian Arctic Archipelago (CAA),,,,Baffin Bay,,,,Baffin Bay,,,,Baffin Bay,,,,Baffin Bay,,,,Central Arctic Ocean (CAO),,,,Central Arctic Ocean (CAO),,,,Central Arctic Ocean (CAO),,,,Central Arctic Ocean (CAO),,,,Central Arctic Ocean (CAO),,,,Central Arctic Ocean (CAO),,,
,,Fram Strait,,,,Bering Strait,,,,Davis Strait,,,,Barents Sea Opening,,,,Barents Sea Opening,,,,Barents Sea – CAO,,,,Barents Sea – Kara Sea,,,,Kara Sea – Barents Sea,,,,Kara Sea – CAO,,,,Kara Sea – Laptev Sea,,,,Laptev Sea – Kara Sea,,,,Laptev Sea – CAO,,,,Laptev Sea – ESS,,,,ESS – Laptev Sea,,,,ESS – CAO,,,,ESS – Beaufort Sea,,,,Beaufort Sea – ESS,,,,Beaufort Sea – CAO,,,,Beaufort Sea – CAA,,,,CAA – Beaufort Sea,,,,CAA – CAO,,,,Lancaster Sound,,,,Jones Sound,,,,Nares Strait,,,,Lancaster Sound,,,,Jones Sound,,,,Nares Strait,,,,Davis Strait,,,,CAO – Barents Sea,,,,CAO – Kara Sea,,,,CAO – Laptev Sea,,,,CAO – ESS,,,,CAO – Beaufort Sea,,,,CAO – CAA,,,
Year,Month,Sm,SmU,Fw,FwU,Sm,SmU,Fw,FwU,Sm,SmU,Fw,FwU,Sm,SmU,Fw,FwU,Sm,SmU,Fw,FwU,Sm,SmU,Fw,FwU,Sm,SmU,Fw,FwU,Sm,SmU,Fw,FwU,Sm,SmU,Fw,FwU,Sm,SmU,Fw,FwU,Sm,SmU,Fw,FwU,Sm,SmU,Fw,FwU,Sm,SmU,Fw,FwU,Sm,SmU,Fw,FwU,Sm,SmU,Fw,FwU,Sm,SmU,Fw,FwU,Sm,SmU,Fw,FwU,Sm,SmU,Fw,FwU,Sm,SmU,Fw,FwU,Sm,SmU,Fw,FwU,Sm,SmU,Fw,FwU,Sm,SmU,Fw,FwU,Sm,SmU,Fw,FwU,Sm,SmU,Fw,FwU,Sm,SmU,Fw,FwU,Sm,SmU,Fw,FwU,Sm,SmU,Fw,FwU,Sm,SmU,Fw,FwU,Sm,SmU,Fw,FwU,Sm,SmU,Fw,FwU,Sm,SmU,Fw,FwU,Sm,SmU,Fw,FwU,Sm,SmU,Fw,FwU,Sm,SmU,Fw,FwU
2002,1,-7.19867e+07,1.09974e+07,-0.0702818,0.00542802,3.214e+07,1.1725e+06,0.0715757,0.00260391,315229,1.16537e+07,0.00593004,0.0151641,-1.35305e+08,1.00145e+07,0.00636361,0.00112669,,,,,,,,,,,,,,,,,,,,,,,,,,,,,,,,,,,,,,,,,,,,,,,,,,,,,,,,,,,,,,,,,,,,,,,,,6.18625e+06,2.77228e+06,0.0225533,0.0100921,,,,,,,,,,,,,,,,,,,,,,,,
2002,2,-5.54723e+07,1.20136e+07,-0.0877468,0.00558212,3.18953e+07,1.13495e+06,0.0726474,0.00257434,3.22909e+07,1.25378e+07,0.0429,0.0158579,-1.01246e+08,1.00057e+07,0.0115195,0.000998732,,,,,,,,,,,,,,,,,,,,,,,,,,,,,,,,,,,,,,,,,,,,,,,,,,,,,,,,,,,,,,,,,,,,,,,,,6.50207e+06,3.01202e+06,0.0237026,0.0109649,,,,,,,,,,,,,,,,,,,,,,,,
2002,3,-6.46724e+07,1.19633e+07,-0.0824598,0.00516052,3.26036e+07,1.08673e+06,0.0721262,0.00239827,3.93708e+07,1.20813e+07,0.048664,0.0148554,-7.17582e+07,9.83e+06,0.0114,0.0011143,,,,,,,,,,,,,,,,,,,,,,,,,,,,,,,,,,,,,,,,,,,,,,,,,,,,,,,,,,,,,,,,,,,,,,,,,6.45824e+06,2.91631e+06,0.0235453,0.0106089,,,,,,,,,,,,,,,,,,,,,,,,
2002,4,-6.31042e+07,1.12173e+07,-0.177024,0.00969427,3.16704e+07,1.11285e+06,0.0926517,0.00324875,8.16572e+07,1.22144e+07,0.157503,0.0226291,-9.56561e+07,9.67942e+06,0.00625487,0.0014606,,,,,,,,,,,,,,,,,,,,,,,,,,,,,,,,,,,,,,,,,,,,,,,,,,,,,,,,,,,,,,,,,,,,,,,,,6.44445e+06,2.78335e+06,0.0224166,0.00963921,,,,,,,,,,,,,,,,,,,,,,,,
2002,5,-5.60603e+07,1.14071e+07,-0.167979,0.0108882,3.42677e+07,1.03924e+06,0.0973491,0.00294702,6.95828e+07,1.14895e+07,0.132923,0.0215472,-5.73853e+07,9.10653e+06,0.0125217,0.00211751,,,,,,,,,,,,,,,,,,,,,,,,,,,,,,,,,,,,,,,,,,,,,,,,,,,,,,,,,,,,,,,,,,,,,,,,,6.26048e+06,3.0237e+06,0.0216294,0.0104241,,,,,,,,,,,,,,,,,,,,,,,,
2002,6,-6.2098e+07,1.16259e+07,-0.178982,0.0117378,2.89128e+07,762379,0.0874039,0.00230043,7.25932e+07,1.11662e+07,0.13395,0.0205688,-4.42698e+07,9.99448e+06,0.0076586,0.00174799,,,,,,,,,,,,,,,,,,,,,,,,,,,,,,,,,,,,,,,,,,,,,,,,,,,,,,,,,,,,,,,,,,,,,,,,,6.32583e+06,3.02177e+06,0.0245518,0.0117025,,,,,,,,,,,,,,,,,,,,,,,,
2002,7,-8.53346e+07,1.06496e+07,-0.256746,0.017521,3.65513e+07,719028,0.117846,0.00228715,6.00652e+07,9.51995e+06,0.229634,0.0320717,-6.95955e+07,8.76333e+06,-0.00226392,0.00351503,,,,,,,,,,,,,,,,,,,,,,,,,,,,,,,,,,,,,,,,,,,,,,,,,,,,,,,,,,,,,,,,,,,,,,,,,5.65858e+06,2.8303e+06,0.0270087,0.0134703,,,,,,,,,,,,,,,,,,,,,,,,
2002,8,-6.56146e+07,9.52354e+06,-0.258858,0.0188862,3.39475e+07,809355,0.133842,0.00316497,6.69109e+07,8.24357e+06,0.259707,0.0299831,-1.03518e+08,8.72439e+06,-0.0182364,0.00277231,,,,,,,,,,,,,,,,,,,,,,,,,,,,,,,,,,,,,,,,,,,,,,,,,,,,,,,,,,,,,,,,,,,,,,,,,5.35366e+06,2.67403e+06,0.0254449,0.0126739,,,,,,,,,,,,,,,,,,,,,,,,
2002,9,-5.15898e+07,9.93252e+06,-0.214985,0.0168114,2.27344e+07,682571,0.0878707,0.00258986,3.59903e+07,7.84747e+06,0.159643,0.0253521,-7.51608e+07,8.9275e+06,0.00740418,0.00256252,,,,,,,,,,,,,,,,,,,,,,,,,,,,,,,,,,,,,,,,,,,,,,,,,,,,,,,,,,,,,,,,,,,,,,,,,4.72332e+06,2.71031e+06,0.022651,0.012954,,,,,,,,,,,,,,,,,,,,,,,,
2002,10,-3.81635e+07,1.00535e+07,-0.109201,0.0105295,8.62341e+06,654718,0.0328735,0.00246511,3.65877e+07,8.29762e+06,0.110341,0.020681,-5.97114e+07,8.85805e+06,0.00285891,0.00195757,,,,,,,,,,,,,,,,,,,,,,,,,,,,,,,,,,,,,,,,,,,,,,,,,,,,,,,,,,,,,,,,,,,,,,,,,5.66045e+06,2.77595e+06,0.0238963,0.0116605,,,,,,,,,,,,,,,,,,,,,,,,
2002,11,-4.95753e+07,1.01808e+07,-0.105922,0.00873923,8.63895e+06,811573,0.031804,0.00297358,2.65554e+07,8.60399e+06,0.0840134,0.0201358,-8.05887e+07,9.20312e+06,-0.000677914,0.00165449,,,,,,,,,,,,,,,,,,,,,,,,,,,,,,,,,,,,,,,,,,,,,,,,,,,,,,,,,,,,,,,,,,,,,,,,,5.36926e+06,2.80493e+06,0.0226666,0.0117816,,,,,,,,,,,,,,,,,,,,,,,,
2002,12,-3.83748e+07,9.82554e+06,-0.088958,0.00812042,2.5641e+07,1.01763e+06,0.0956632,0.00378422,1.70802e+07,9.87345e+06,0.0606202,0.0239846,-9.52052e+07,9.05308e+06,0.00307829,0.00168199,,,,,,,,,,,,,,,,,,,,,,,,,,,,,,,,,,,,,,,,,,,,,,,,,,,,,,,,,,,,,,,,,,,,,,,,,5.48478e+06,3.01922e+06,0.0231517,0.0126598,,,,,,,,,,,,,,,,,,,,,,,,
2003,1,-5.30155e+07,1.11891e+07,-0.0578538,0.00560324,2.99143e+07,1.11637e+06,0.0666276,0.00247858,2.41102e+07,1.09332e+07,0.0348806,0.0142991,-6.50204e+07,9.74414e+06,0.00639715,0.00105642,,,,,,,,,,,,,,,,,,,,,,,,,,,,,,,,,,,,,,,,,,,,,,,,,,,,,,,,,,,,,,,,,,,,,,,,,6.17415e+06,2.77508e+06,0.0225103,0.0100903,,,,,,,,,,,,,,,,,,,,,,,,
2003,2,-5.29571e+07,1.1683e+07,-0.0741474,0.00578812,3.1746e+07,1.00871e+06,0.0723059,0.00228924,6.07026e+07,1.19726e+07,0.0780988,0.0151606,-1.10963e+08,9.40293e+06,0.0101624,0.000975156,,,,,,,,,,,,,,,,,,,,,,,,,,,,,,,,,,,,,,,,,,,,,,,,,,,,,,,,,,,,,,,,,,,,,,,,,5.99901e+06,3.14228e+06,0.0218719,0.0114258,,,,,,,,,,,,,,,,,,,,,,,,
2003,3,-4.74445e+07,1.17215e+07,-0.0613265,0.00543252,3.14014e+07,1.09214e+06,0.0694698,0.0024108,4.41448e+07,1.139e+07,0.0549394,0.014034,-7.66483e+07,9.73161e+06,0.010522,0.00108521,,,,,,,,,,,,,,,,,,,,,,,,,,,,,,,,,,,,,,,,,,,,,,,,,,,,,,,,,,,,,,,,,,,,,,,,,6.1488e+06,2.9277e+06,0.0224179,0.0106491,,,,,,,,,,,,,,,,,,,,,,,,
2003,4,-6.0419e+07,1.0962e+07,-0.142153,0.00998831,3.20318e+07,1.09789e+06,0.0937076,0.00320618,5.7476e+07,1.15813e+07,0.11489,0.0211666,-3.93193e+07,9.23686e+06,0.012759,0.00143873,,,,,,,,,,,,,,,,,,,,,,,,,,,,,,,,,,,,,,,,,,,,,,,,,,,,,,,,,,,,,,,,,,,,,,,,,6.01341e+06,2.71652e+06,0.0209184,0.00942733,,,,,,,,,,,,,,,,,,,,,,,,
2003,5,-6.23144e+07,1.08986e+07,-0.15136,0.0112999,3.39383e+07,992180,0.0963955,0.00280874,4.30241e+07,1.1969e+07,0.0859396,0.022401,-3.47206e+07,9.2544e+06,0.0103646,0.00217214,,,,,,,,,,,,,,,,,,,,,,,,,,,,,,,,,,,,,,,,,,,,,,,,,,,,,,,,,,,,,,,,,,,,,,,,,6.3144e+06,3.14309e+06,0.0218121,0.0108346,,,,,,,,,,,,,,,,,,,,,,,,
2003,6,-5.73713e+07,1.03684e+07,-0.159114,0.0112696,4.5352e+07,789955,0.137114,0.00238598,4.73107e+07,1.12084e+07,0.0943051,0.0205035,-3.42354e+07,9.28936e+06,0.00940597,0.00178979,,,,,,,,,,,,,,,,,,,,,,,,,,,,,,,,,,,,,,,,,,,,,,,,,,,,,,,,,,,,,,,,,,,,,,,,,6.07507e+06,2.95208e+06,0.0235811,0.0113894,,,,,,,,,,,,,,,,,,,,,,,,
2003,7,-6.64458e+07,1.01092e+07,-0.201316,0.017115,2.69645e+07,639141,0.0875965,0.00203048,6.20374e+07,1.04193e+07,0.240025,0.0356036,-2.69222e+07,8.98908e+06,0.0106902,0.00368239,,,,,,,,,,,,,,,,,,,,,,,,,,,,,,,,,,,,,,,,,,,,,,,,,,,,,,,,,,,,,,,,,,,,,,,,,5.4414e+06,2.92748e+06,0.0259726,0.0139304,,,,,,,,,,,,,,,,,,,,,,,,
2003,8,-4.54189e+07,1.00707e+07,-0.198919,0.0194969,2.21031e+07,625094,0.0877998,0.00244701,6.30134e+07,8.96908e+06,0.232667,0.0326434,-3.78965e+07,8.78976e+06,0.00326688,0.00290038,,,,,,,,,,,,,,,,,,,,,,,,,,,,,,,,,,,,,,,,,,,,,,,,,,,,,,,,,,,,,,,,,,,,,,,,,6.17519e+06,2.95411e+06,0.0293321,0.0139994,,,,,,,,,,,,,,,,,,,,,,,,
2003,9,-5.41539e+07,9.74214e+06,-0.196133,0.0167976,2.27863e+07,663345,0.0883534,0.00251919,3.24727e+07,8.55835e+06,0.129891,0.0281063,-6.75651e+07,8.30936e+06,0.0123322,0.0024058,,,,,,,,,,,,,,,,,,,,,,,,,,,,,,,,,,,,,,,,,,,,,,,,,,,,,,,,,,,,,,,,,,,,,,,,,5.01815e+06,2.87939e+06,0.0240503,0.0137613,,,,,,,,,,,,,,,,,,,,,,,,
2003,10,-3.95726e+07,9.48222e+06,-0.129314,0.0102021,4.33163e+06,710395,0.0165477,0.00267396,2.07184e+07,8.86426e+06,0.0695424,0.0220976,-7.16144e+07,8.97304e+06,0.00269985,0.00198973,,,,,,,,,,,,,,,,,,,,,,,,,,,,,,,,,,,,,,,,,,,,,,,,,,,,,,,,,,,,,,,,,,,,,,,,,5.62456e+06,2.9081e+06,0.023726,0.0122319,,,,,,,,,,,,,,,,,,,,,,,,
2003,11,-1.17854e+07,1.01127e+07,-0.0960122,0.00898429,2.21113e+07,835171,0.081417,0.00306076,3.32532e+07,8.8709e+06,0.0890048,0.0212747,-8.16052e+07,8.761e+06,0.00517614,0.001582,,,,,,,,,,,,,,,,,,,,,,,,,,,,,,,,,,,,,,,,,,,,,,,,,,,,,,,,,,,,,,,,,,,,,,,,,5.99619e+06,2.99408e+06,0.0252997,0.0125831,,,,,,,,,,,,,,,,,,,,,,,,
2003,12,-3.72839e+07,1.17767e+07,-0.111345,0.00888915,2.50355e+07,999928,0.0934502,0.00371982,1.61902e+07,1.05968e+07,0.059192,0.0257805,-9.38527e+07,9.3319e+06,0.00588767,0.00158331,,,,,,,,,,,,,,,,,,,,,,,,,,,,,,,,,,,,,,,,,,,,,,,,,,,,,,,,,,,,,,,,,,,,,,,,,6.24864e+06,2.92421e+06,0.0263686,0.0122812,,,,,,,,,,,,,,,,,,,,,,,,
2004,1,-5.13787e+07,1.21416e+07,-0.064344,0.00562243,3.10895e+07,1.17311e+06,0.0692393,0.00260696,4.50277e+07,1.15166e+07,0.061797,0.0150277,-7.53801e+07,9.30657e+06,0.00565476,0.00101738,,,,,,,,,,,,,,,,,,,,,,,,,,,,,,,,,,,,,,,,,,,,,,,,,,,,,,,,,,,,,,,,,,,,,,,,,6.18297e+06,3.01262e+06,0.0225411,0.0109522,,,,,,,,,,,,,,,,,,,,,,,,
2004,2,-4.60147e+07,1.18629e+07,-0.0698578,0.00578626,3.11527e+07,1.15238e+06,0.070957,0.00261536,3.33867e+07,1.14225e+07,0.0441971,0.0144679,-7.06933e+07,9.24587e+06,0.00861263,0.000935742,,,,,,,,,,,,,,,,,,,,,,,,,,,,,,,,,,,,,,,,,,,,,,,,,,,,,,,,,,,,,,,,,,,,,,,,,6.14393e+06,2.63107e+06,0.0223986,0.00957932,,,,,,,,,,,,,,,,,,,,,,,,
2004,3,-3.78354e+07,1.0766e+07,-0.0594083,0.00515753,3.18155e+07,1.11891e+06,0.0703847,0.00246617,5.66641e+07,1.18695e+07,0.0699344,0.014624,-2.75405e+07,9.2395e+06,0.00914553,0.00107416,,,,,,,,,,,,,,,,,,,,,,,,,,,,,,,,,,,,,,,,,,,,,,,,,,,,,,,,,,,,,,,,,,,,,,,,,6.086e+06,2.91052e+06,0.0221882,0.0105941,,,,,,,,,,,,,,,,,,,,,,,,
2004,4,-5.1119e+07,1.01472e+07,-0.16139,0.00995009,3.13463e+07,1.22708e+06,0.0916927,0.0035826,5.23538e+07,1.09277e+07,0.105731,0.0201612,-4.782e+07,8.97429e+06,0.00969668,0.00140676,,,,,,,,,,,,,,,,,,,,,,,,,,,,,,,,,,,,,,,,,,,,,,,,,,,,,,,,,,,,,,,,,,,,,,,,,6.19939e+06,2.93025e+06,0.0215617,0.0101568,,,,,,,,,,,,,,,,,,,,,,,,
2004,5,-5.64093e+07,1.00522e+07,-0.155489,0.0103815,4.05696e+07,1.12971e+06,0.115221,0.00319876,5.54533e+07,1.0967e+07,0.106493,0.0207193,-5.68362e+07,9.2276e+06,0.0150734,0.00214231,,,,,,,,,,,,,,,,,,,,,,,,,,,,,,,,,,,,,,,,,,,,,,,,,,,,,,,,,,,,,,,,,,,,,,,,,6.17392e+06,2.79751e+06,0.0213281,0.00964202,,,,,,,,,,,,,,,,,,,,,,,,
2004,6,-5.22602e+07,9.65218e+06,-0.157692,0.0113636,4.32933e+07,798601,0.130826,0.00241044,5.20751e+07,1.03422e+07,0.100421,0.0189734,-1.52152e+07,9.21577e+06,0.015922,0.00179934,,,,,,,,,,,,,,,,,,,,,,,,,,,,,,,,,,,,,,,,,,,,,,,,,,,,,,,,,,,,,,,,,,,,,,,,,6.36318e+06,3.04167e+06,0.0246811,0.0117274,,,,,,,,,,,,,,,,,,,,,,,,
2004,7,-3.90972e+07,9.84197e+06,-0.151461,0.0166947,4.13615e+07,689596,0.1336,0.00219105,6.33712e+07,1.01812e+07,0.245428,0.035638,-2.51943e+07,8.87901e+06,0.0214308,0.00356225,,,,,,,,,,,,,,,,,,,,,,,,,,,,,,,,,,,,,,,,,,,,,,,,,,,,,,,,,,,,,,,,,,,,,,,,,6.0483e+06,2.7316e+06,0.0288648,0.0130061,,,,,,,,,,,,,,,,,,,,,,,,
2004,8,-5.51929e+07,9.40394e+06,-0.207895,0.0182755,5.05939e+07,615092,0.199995,0.00240526,5.1527e+07,8.5196e+06,0.234789,0.0312397,-3.26372e+07,8.66902e+06,0.00852556,0.00273345,,,,,,,,,,,,,,,,,,,,,,,,,,,,,,,,,,,,,,,,,,,,,,,,,,,,,,,,,,,,,,,,,,,,,,,,,6.15562e+06,2.82007e+06,0.0292458,0.0133522,,,,,,,,,,,,,,,,,,,,,,,,
2004,9,-5.65288e+07,9.26917e+06,-0.175257,0.0151287,3.36671e+07,737621,0.129178,0.00279819,5.01946e+07,8.09416e+06,0.184494,0.0264644,-8.3949e+07,8.87525e+06,-0.0036888,0.0025195,,,,,,,,,,,,,,,,,,,,,,,,,,,,,,,,,,,,,,,,,,,,,,,,,,,,,,,,,,,,,,,,,,,,,,,,,5.88629e+06,2.55214e+06,0.0282122,0.0121988,,,,,,,,,,,,,,,,,,,,,,,,
2004,10,-4.60678e+07,9.70574e+06,-0.115768,0.00984431,3.36845e+07,630540,0.127231,0.00237483,2.08854e+06,7.84623e+06,0.028179,0.0196346,-7.0077e+07,9.05602e+06,-0.00506433,0.00190071,,,,,,,,,,,,,,,,,,,,,,,,,,,,,,,,,,,,,,,,,,,,,,,,,,,,,,,,,,,,,,,,,,,,,,,,,5.24372e+06,2.84e+06,0.0221198,0.0119544,,,,,,,,,,,,,,,,,,,,,,,,
2004,11,-3.18232e+07,9.98844e+06,-0.101014,0.00881078,3.14571e+07,838917,0.11574,0.00307276,-3.33762e+07,9.21259e+06,-0.0495386,0.0220995,-7.47806e+07,9.30553e+06,0.00521775,0.00164544,,,,,,,,,,,,,,,,,,,,,,,,,,,,,,,,,,,,,,,,,,,,,,,,,,,,,,,,,,,,,,,,,,,,,,,,,5.59338e+06,2.84849e+06,0.0235998,0.0119712,,,,,,,,,,,,,,,,,,,,,,,,
2004,12,-5.57799e+07,1.03514e+07,-0.127842,0.00837037,1.81075e+07,1.06899e+06,0.0676294,0.00398167,1.22804e+07,1.06622e+07,0.0535045,0.0258459,-1.51515e+08,9.5266e+06,0.0018106,0.00163186,,,,,,,,,,,,,,,,,,,,,,,,,,,,,,,,,,,,,,,,,,,,,,,,,,,,,,,,,,,,,,,,,,,,,,,,,6.1073e+06,2.82925e+06,0.0257714,0.0118865,,,,,,,,,,,,,,,,,,,,,,,,
2005,1,-3.06104e+07,1.10984e+07,-0.0730871,0.00533262,3.18829e+07,1.02753e+06,0.070999,0.00227863,1.50624e+07,1.18167e+07,0.0247274,0.0156705,-9.25663e+07,9.55594e+06,0.00364007,0.00107398,,,,,,,,,,,,,,,,,,,,,,,,,,,,,,,,,,,,,,,,,,,,,,,,,,,,,,,,,,,,,,,,,,,,,,,,,6.01793e+06,2.94345e+06,0.0219411,0.0107174,,,,,,,,,,,,,,,,,,,,,,,,
2005,2,-5.09916e+07,1.02712e+07,-0.0885733,0.00540846,3.20705e+07,1.14037e+06,0.0730422,0.00258492,4.72139e+07,1.13145e+07,0.0618943,0.0142968,-1.00207e+08,9.29478e+06,0.0102084,0.00097737,,,,,,,,,,,,,,,,,,,,,,,,,,,,,,,,,,,,,,,,,,,,,,,,,,,,,,,,,,,,,,,,,,,,,,,,,6.4616e+06,2.56393e+06,0.0235566,0.00932844,,,,,,,,,,,,,,,,,,,,,,,,
2005,3,-4.61834e+07,1.09163e+07,-0.0719882,0.00533552,3.23248e+07,1.0765e+06,0.0715084,0.00237336,3.1003e+07,1.18039e+07,0.0386216,0.0145281,-5.94039e+07,9.44893e+06,0.0102935,0.00108729,,,,,,,,,,,,,,,,,,,,,,,,,,,,,,,,,,,,,,,,,,,,,,,,,,,,,,,,,,,,,,,,,,,,,,,,,6.51233e+06,3.08133e+06,0.0237416,0.0112101,,,,,,,,,,,,,,,,,,,,,,,,
2005,4,-3.81112e+07,1.10901e+07,-0.160979,0.0103442,3.12501e+07,956661,0.0914256,0.00279285,4.12744e+07,1.15239e+07,0.0866516,0.0214274,-1.94359e+07,8.87732e+06,0.013411,0.00135551,,,,,,,,,,,,,,,,,,,,,,,,,,,,,,,,,,,,,,,,,,,,,,,,,,,,,,,,,,,,,,,,,,,,,,,,,6.06705e+06,3.15697e+06,0.0211056,0.0109385,,,,,,,,,,,,,,,,,,,,,,,,
2005,5,-6.14416e+07,9.8718e+06,-0.158339,0.010138,3.70263e+07,932860,0.105195,0.00264285,5.01251e+07,1.10755e+07,0.0971495,0.0209702,-2.83394e+07,9.01142e+06,0.023482,0.00208151,,,,,,,,,,,,,,,,,,,,,,,,,,,,,,,,,,,,,,,,,,,,,,,,,,,,,,,,,,,,,,,,,,,,,,,,,6.1708e+06,3.07838e+06,0.0213175,0.010611,,,,,,,,,,,,,,,,,,,,,,,,
2005,6,-6.37434e+07,9.83049e+06,-0.169566,0.0110572,4.66846e+07,855851,0.141088,0.00258385,4.82583e+07,1.05138e+07,0.0936032,0.0192253,-4.64705e+07,8.90025e+06,0.013975,0.00181027,,,,,,,,,,,,,,,,,,,,,,,,,,,,,,,,,,,,,,,,,,,,,,,,,,,,,,,,,,,,,,,,,,,,,,,,,6.14037e+06,2.98704e+06,0.0238288,0.0115329,,,,,,,,,,,,,,,,,,,,,,,,
2005,7,-6.77448e+07,9.87587e+06,-0.204772,0.0163288,4.10564e+07,698741,0.132274,0.00222184,4.20717e+07,1.0035e+07,0.183679,0.0340587,-2.1128e+07,8.91722e+06,0.0316912,0.00365866,,,,,,,,,,,,,,,,,,,,,,,,,,,,,,,,,,,,,,,,,,,,,,,,,,,,,,,,,,,,,,,,,,,,,,,,,4.99177e+06,2.82457e+06,0.0238304,0.0134414,,,,,,,,,,,,,,,,,,,,,,,,
2005,8,-8.35338e+07,9.51177e+06,-0.257344,0.0197484,4.83386e+07,638538,0.190939,0.00249246,2.47281e+07,8.53965e+06,0.138973,0.0307396,-4.49794e+07,8.64538e+06,0.0122899,0.00283879,,,,,,,,,,,,,,,,,,,,,,,,,,,,,,,,,,,,,,,,,,,,,,,,,,,,,,,,,,,,,,,,,,,,,,,,,6.6647e+06,3.0176e+06,0.0316808,0.0142888,,,,,,,,,,,,,,,,,,,,,,,,
2005,9,-5.77047e+07,9.92691e+06,-0.188012,0.0166966,3.77834e+07,627706,0.145187,0.00238184,3.5566e+07,8.14681e+06,0.160284,0.0263516,-1.47232e+08,8.68164e+06,-0.0181438,0.00249393,,,,,,,,,,,,,,,,,,,,,,,,,,,,,,,,,,,,,,,,,,,,,,,,,,,,,,,,,,,,,,,,,,,,,,,,,5.67842e+06,2.87537e+06,0.0272204,0.0137393,,,,,,,,,,,,,,,,,,,,,,,,
2005,10,-2.65295e+07,1.00975e+07,-0.109351,0.0107247,2.01314e+07,722838,0.0762481,0.00272469,2.73039e+07,8.21258e+06,0.0935791,0.0207617,-1.2688e+08,8.62296e+06,-0.0152631,0.00194814,,,,,,,,,,,,,,,,,,,,,,,,,,,,,,,,,,,,,,,,,,,,,,,,,,,,,,,,,,,,,,,,,,,,,,,,,5.83135e+06,2.76557e+06,0.0246141,0.0116037,,,,,,,,,,,,,,,,,,,,,,,,
2005,11,-3.6165e+07,1.00678e+07,-0.111037,0.00941736,-3.94607e+06,859505,-0.014024,0.0031515,2.21171e+07,8.64519e+06,0.0739708,0.0208222,-8.977e+07,9.04128e+06,0.00244307,0.00153814,,,,,,,,,,,,,,,,,,,,,,,,,,,,,,,,,,,,,,,,,,,,,,,,,,,,,,,,,,,,,,,,,,,,,,,,,5.38646e+06,2.77035e+06,0.0227329,0.0116243,,,,,,,,,,,,,,,,,,,,,,,,
2005,12,-3.7786e+07,9.90466e+06,-0.115203,0.00828991,2.73745e+07,1.18599e+06,0.102174,0.00441361,9.21685e+06,1.06271e+07,0.0483753,0.026126,-8.29271e+07,9.09057e+06,0.00245274,0.00154844,,,,,,,,,,,,,,,,,,,,,,,,,,,,,,,,,,,,,,,,,,,,,,,,,,,,,,,,,,,,,,,,,,,,,,,,,5.88672e+06,2.86191e+06,0.0248413,0.0120393,,,,,,,,,,,,,,,,,,,,,,,,
2006,1,-5.00466e+07,1.01158e+07,-0.0643926,0.00513981,3.17815e+07,1.04128e+06,0.0707781,0.00231035,2.90382e+07,1.15829e+07,0.0425145,0.015227,-1.50397e+08,9.37305e+06,0.00425326,0.00109097,,,,,,,,,,,,,,,,,,,,,,,,,,,,,,,,,,,,,,,,,,,,,,,,,,,,,,,,,,,,,,,,,,,,,,,,,5.55832e+06,3.05388e+06,0.0202672,0.0111054,,,,,,,,,,,,,,,,,,,,,,,,
2006,2,-2.76854e+07,1.04803e+07,-0.0748431,0.00602044,3.25647e+07,1.04208e+06,0.0741631,0.00236879,3.03093e+07,1.1769e+07,0.0407609,0.0150516,-9.26448e+07,8.93252e+06,0.00847714,0.000913095,,,,,,,,,,,,,,,,,,,,,,,,,,,,,,,,,,,,,,,,,,,,,,,,,,,,,,,,,,,,,,,,,,,,,,,,,6.54835e+06,3.07858e+06,0.0238737,0.011202,,,,,,,,,,,,,,,,,,,,,,,,
2006,3,-7.22089e+07,1.00902e+07,-0.0690593,0.0052506,3.28307e+07,1.05642e+06,0.0726295,0.00232846,5.17384e+07,1.16884e+07,0.0643693,0.0143703,-6.31171e+07,8.82836e+06,0.00908942,0.00103436,,,,,,,,,,,,,,,,,,,,,,,,,,,,,,,,,,,,,,,,,,,,,,,,,,,,,,,,,,,,,,,,,,,,,,,,,5.81979e+06,2.98293e+06,0.0212186,0.010853,,,,,,,,,,,,,,,,,,,,,,,,
2006,4,-8.57312e+07,9.85659e+06,-0.188761,0.00945522,2.97915e+07,1.14231e+06,0.087158,0.00333117,4.76886e+07,1.13579e+07,0.095349,0.0206893,-7.21654e+07,9.26211e+06,0.0102516,0.00144076,,,,,,,,,,,,,,,,,,,,,,,,,,,,,,,,,,,,,,,,,,,,,,,,,,,,,,,,,,,,,,,,,,,,,,,,,5.6736e+06,2.85302e+06,0.0197347,0.00989595,,,,,,,,,,,,,,,,,,,,,,,,
2006,5,-7.46075e+07,9.72049e+06,-0.194076,0.0106485,3.21798e+07,1.03203e+06,0.0914552,0.00292588,5.68295e+07,1.11437e+07,0.109124,0.0209995,-3.36483e+07,8.5742e+06,0.015178,0.00204059,,,,,,,,,,,,,,,,,,,,,,,,,,,,,,,,,,,,,,,,,,,,,,,,,,,,,,,,,,,,,,,,,,,,,,,,,5.12152e+06,2.9822e+06,0.0176968,0.0102714,,,,,,,,,,,,,,,,,,,,,,,,
2006,6,-7.44784e+07,9.40135e+06,-0.219632,0.0106894,2.95172e+07,748547,0.0892341,0.00226052,4.68152e+07,9.58714e+06,0.0937483,0.0177254,-6.00734e+07,8.63854e+06,0.00956846,0.00159806,,,,,,,,,,,,,,,,,,,,,,,,,,,,,,,,,,,,,,,,,,,,,,,,,,,,,,,,,,,,,,,,,,,,,,,,,5.20352e+06,2.86136e+06,0.0201951,0.0110334,,,,,,,,,,,,,,,,,,,,,,,,
2006,7,-7.2735e+07,9.49101e+06,-0.226455,0.0160002,4.38267e+07,740295,0.141243,0.00235501,3.56532e+07,9.62509e+06,0.18271,0.0325678,-6.06218e+07,8.20108e+06,0.00244989,0.00335197,,,,,,,,,,,,,,,,,,,,,,,,,,,,,,,,,,,,,,,,,,,,,,,,,,,,,,,,,,,,,,,,,,,,,,,,,5.37823e+06,2.88734e+06,0.0256682,0.0137428,,,,,,,,,,,,,,,,,,,,,,,,
2006,8,-6.50916e+07,9.25389e+06,-0.24902,0.0181194,4.29791e+07,789180,0.169689,0.00308365,1.21651e+07,8.4576e+06,0.116285,0.0305058,-3.51582e+07,8.29275e+06,0.00787322,0.00287651,,,,,,,,,,,,,,,,,,,,,,,,,,,,,,,,,,,,,,,,,,,,,,,,,,,,,,,,,,,,,,,,,,,,,,,,,5.62952e+06,3.00614e+06,0.0267449,0.014249,,,,,,,,,,,,,,,,,,,,,,,,
2006,9,-4.73352e+07,9.71169e+06,-0.181576,0.0166725,2.58446e+07,816147,0.0989959,0.00309557,-829930,8.68429e+06,0.0584233,0.0283606,-9.03074e+07,8.77444e+06,-0.00602676,0.00247342,,,,,,,,,,,,,,,,,,,,,,,,,,,,,,,,,,,,,,,,,,,,,,,,,,,,,,,,,,,,,,,,,,,,,,,,,5.79885e+06,2.75622e+06,0.0277984,0.0131836,,,,,,,,,,,,,,,,,,,,,,,,
2006,10,-4.88336e+07,9.75729e+06,-0.103864,0.0101627,3.30045e+07,765217,0.124755,0.00288222,-4.21765e+07,8.05992e+06,-0.0789059,0.0202403,-3.89482e+07,8.81858e+06,0.00305231,0.00185873,,,,,,,,,,,,,,,,,,,,,,,,,,,,,,,,,,,,,,,,,,,,,,,,,,,,,,,,,,,,,,,,,,,,,,,,,5.76216e+06,2.67292e+06,0.0243089,0.0112221,,,,,,,,,,,,,,,,,,,,,,,,
2006,11,-5.1364e+07,9.89122e+06,-0.120055,0.00894715,2.61549e+07,869398,0.096128,0.00318937,-2.37231e+07,7.76196e+06,-0.0269188,0.0181463,-1.10072e+08,8.93386e+06,-0.00413226,0.00160462,,,,,,,,,,,,,,,,,,,,,,,,,,,,,,,,,,,,,,,,,,,,,,,,,,,,,,,,,,,,,,,,,,,,,,,,,4.99714e+06,2.87605e+06,0.0210829,0.0120885,,,,,,,,,,,,,,,,,,,,,,,,
2006,12,-2.04445e+07,1.01786e+07,-0.111332,0.00852042,2.16482e+07,959708,0.0807982,0.00356962,3.51926e+07,1.02968e+07,0.0989937,0.0251449,-1.05296e+08,9.02708e+06,0.00668684,0.00154103,,,,,,,,,,,,,,,,,,,,,,,,,,,,,,,,,,,,,,,,,,,,,,,,,,,,,,,,,,,,,,,,,,,,,,,,,5.7942e+06,2.84188e+06,0.0244495,0.011937,,,,,,,,,,,,,,,,,,,,,,,,
2007,1,-3.21003e+07,1.02411e+07,-0.0693523,0.00547953,3.21558e+07,1.14992e+06,0.0716109,0.00255215,2.12034e+07,1.18744e+07,0.0317636,0.0155697,-8.61033e+07,8.79192e+06,0.00968199,0.00103555,,,,,,,,,,,,,,,,,,,,,,,,,,,,,,,,,,,,,,,,,,,,,,,,,,,,,,,,,,,,,,,,,,,,,,,,,6.02193e+06,2.77683e+06,0.0219539,0.0101069,,,,,,,,,,,,,,,,,,,,,,,,
2007,2,-6.23707e+07,1.021e+07,-0.0710914,0.00559094,3.35085e+07,1.08223e+06,0.07631,0.00245225,1.78331e+07,1.18281e+07,0.0250097,0.0149095,-6.64453e+07,9.10371e+06,0.0039105,0.000921472,,,,,,,,,,,,,,,,,,,,,,,,,,,,,,,,,,,,,,,,,,,,,,,,,,,,,,,,,,,,,,,,,,,,,,,,,5.54965e+06,3.01559e+06,0.0202343,0.0109781,,,,,,,,,,,,,,,,,,,,,,,,
2007,3,-6.55453e+07,1.03083e+07,-0.0769469,0.00513526,3.16571e+07,1.14732e+06,0.0700346,0.00252965,3.9375e+07,1.12984e+07,0.0487291,0.0138716,-1.23437e+08,9.03503e+06,0.0103466,0.00101808,,,,,,,,,,,,,,,,,,,,,,,,,,,,,,,,,,,,,,,,,,,,,,,,,,,,,,,,,,,,,,,,,,,,,,,,,6.31841e+06,2.77183e+06,0.0230353,0.0100895,,,,,,,,,,,,,,,,,,,,,,,,
2007,4,-4.64236e+07,1.01762e+07,-0.162179,0.0101176,2.89437e+07,1.1387e+06,0.0846784,0.00332527,5.27893e+07,1.07345e+07,0.106324,0.0197345,-8.98962e+07,8.90329e+06,0.0125869,0.00145042,,,,,,,,,,,,,,,,,,,,,,,,,,,,,,,,,,,,,,,,,,,,,,,,,,,,,,,,,,,,,,,,,,,,,,,,,6.54091e+06,3.03221e+06,0.0227496,0.0105062,,,,,,,,,,,,,,,,,,,,,,,,
2007,5,-6.09684e+07,1.00963e+07,-0.15521,0.0106924,3.34339e+07,981170,0.0949516,0.00278094,4.07914e+07,1.03602e+07,0.0797584,0.0195393,-3.76833e+07,8.84194e+06,0.00991741,0.00202236,,,,,,,,,,,,,,,,,,,,,,,,,,,,,,,,,,,,,,,,,,,,,,,,,,,,,,,,,,,,,,,,,,,,,,,,,6.39231e+06,3.02071e+06,0.022081,0.0103983,,,,,,,,,,,,,,,,,,,,,,,,
2007,6,-1.05954e+08,9.91688e+06,-0.204554,0.0107924,4.46169e+07,795870,0.13485,0.00240438,2.71966e+07,1.0801e+07,0.0599831,0.019762,-5.27997e+07,8.62416e+06,0.00678259,0.00164585,,,,,,,,,,,,,,,,,,,,,,,,,,,,,,,,,,,,,,,,,,,,,,,,,,,,,,,,,,,,,,,,,,,,,,,,,4.87161e+06,2.99754e+06,0.0189044,0.0115747,,,,,,,,,,,,,,,,,,,,,,,,
2007,7,-9.33853e+07,9.54519e+06,-0.225224,0.0161225,4.7465e+07,833667,0.153222,0.00266579,2.89872e+07,9.85601e+06,0.13652,0.0326163,-4.161e+07,8.67171e+06,0.00630808,0.00343868,,,,,,,,,,,,,,,,,,,,,,,,,,,,,,,,,,,,,,,,,,,,,,,,,,,,,,,,,,,,,,,,,,,,,,,,,5.5744e+06,2.93348e+06,0.0266065,0.0139631,,,,,,,,,,,,,,,,,,,,,,,,
2007,8,-5.7541e+07,9.95926e+06,-0.214889,0.01983,4.76613e+07,773860,0.188556,0.00304142,1.9346e+07,8.69461e+06,0.122602,0.0317566,-7.5917e+07,8.62981e+06,-0.000255022,0.00275363,,,,,,,,,,,,,,,,,,,,,,,,,,,,,,,,,,,,,,,,,,,,,,,,,,,,,,,,,,,,,,,,,,,,,,,,,6.04091e+06,2.87506e+06,0.0287013,0.0136203,,,,,,,,,,,,,,,,,,,,,,,,
2007,9,-6.82321e+07,9.32851e+06,-0.196488,0.0162564,5.17961e+07,774855,0.199577,0.00294616,-2.45037e+07,8.94261e+06,-0.0300002,0.0290934,-7.86197e+07,9.25422e+06,0.00490354,0.00265972,,,,,,,,,,,,,,,,,,,,,,,,,,,,,,,,,,,,,,,,,,,,,,,,,,,,,,,,,,,,,,,,,,,,,,,,,6.10282e+06,2.65967e+06,0.0292512,0.0127231,,,,,,,,,,,,,,,,,,,,,,,,
2007,10,-4.21706e+07,9.69612e+06,-0.117173,0.0103059,2.14317e+07,735838,0.0810332,0.00277145,2.34484e+07,8.89487e+06,0.0717073,0.0222256,-9.04234e+07,8.92341e+06,0.00212695,0.00204832,,,,,,,,,,,,,,,,,,,,,,,,,,,,,,,,,,,,,,,,,,,,,,,,,,,,,,,,,,,,,,,,,,,,,,,,,6.43359e+06,2.85896e+06,0.0271504,0.0120074,,,,,,,,,,,,,,,,,,,,,,,,
2007,11,-5.27629e+07,1.01959e+07,-0.133797,0.00942828,2.16691e+07,826578,0.0797711,0.0030314,-2.12938e+07,1.00192e+07,-0.0244539,0.0240097,-1.39048e+08,8.76006e+06,-0.00622535,0.00159324,,,,,,,,,,,,,,,,,,,,,,,,,,,,,,,,,,,,,,,,,,,,,,,,,,,,,,,,,,,,,,,,,,,,,,,,,5.57023e+06,2.94688e+06,0.02351,0.0123811,,,,,,,,,,,,,,,,,,,,,,,,
2007,12,-4.80737e+07,1.03714e+07,-0.113694,0.00925003,3.96644e+07,971783,0.148025,0.00361259,6.86106e+06,1.13328e+07,0.0438377,0.0272187,-1.12116e+08,8.97354e+06,0.00137757,0.00160405,,,,,,,,,,,,,,,,,,,,,,,,,,,,,,,,,,,,,,,,,,,,,,,,,,,,,,,,,,,,,,,,,,,,,,,,,5.78826e+06,2.70181e+06,0.024428,0.0113638,,,,,,,,,,,,,,,,,,,,,,,,
2008,1,-3.77398e+07,1.01659e+07,-0.0663314,0.00552983,3.23549e+07,1.14667e+06,0.0720538,0.0025447,3.93666e+07,1.23842e+07,0.0552591,0.0161059,-9.8615e+07,9.41034e+06,0.00747103,0.00105107,,,,,,,,,,,,,,,,,,,,,,,,,,,,,,,,,,,,,,,,,,,,,,,,,,,,,,,,,,,,,,,,,,,,,,,,,6.31743e+06,2.82249e+06,0.0230316,0.0102759,,,,,,,,,,,,,,,,,,,,,,,,
2008,2,-4.39748e+07,9.8489e+06,-0.0762984,0.00537385,3.19752e+07,1.13648e+06,0.0728239,0.00257662,3.85833e+07,1.19116e+07,0.0508292,0.0150057,-1.48936e+08,8.78198e+06,0.00801043,0.000906195,,,,,,,,,,,,,,,,,,,,,,,,,,,,,,,,,,,,,,,,,,,,,,,,,,,,,,,,,,,,,,,,,,,,,,,,,6.07362e+06,3.02578e+06,0.0221431,0.0110034,,,,,,,,,,,,,,,,,,,,,,,,
2008,3,-6.56775e+07,1.01337e+07,-0.0743552,0.00517402,3.25355e+07,1.0586e+06,0.0719765,0.00233538,3.45792e+07,1.15564e+07,0.0428636,0.0142235,-9.01636e+07,9.19529e+06,0.00688742,0.00104838,,,,,,,,,,,,,,,,,,,,,,,,,,,,,,,,,,,,,,,,,,,,,,,,,,,,,,,,,,,,,,,,,,,,,,,,,6.41498e+06,2.72372e+06,0.0233872,0.00991484,,,,,,,,,,,,,,,,,,,,,,,,
2008,4,-9.90124e+07,1.01177e+07,-0.169773,0.00966252,3.14364e+07,941616,0.0919701,0.00274891,4.26479e+07,1.14189e+07,0.0883709,0.0208902,-8.14114e+07,8.80566e+06,0.00560407,0.00144266,,,,,,,,,,,,,,,,,,,,,,,,,,,,,,,,,,,,,,,,,,,,,,,,,,,,,,,,,,,,,,,,,,,,,,,,,6.37732e+06,2.7831e+06,0.0221822,0.00964448,,,,,,,,,,,,,,,,,,,,,,,,
2008,5,-1.00244e+08,9.98644e+06,-0.195176,0.0106039,3.20362e+07,1.04478e+06,0.0910598,0.00296016,5.12572e+07,1.14596e+07,0.0997558,0.0215538,-5.18683e+07,8.65882e+06,0.0100677,0.00209739,,,,,,,,,,,,,,,,,,,,,,,,,,,,,,,,,,,,,,,,,,,,,,,,,,,,,,,,,,,,,,,,,,,,,,,,,5.72677e+06,3.21875e+06,0.0197871,0.0110957,,,,,,,,,,,,,,,,,,,,,,,,
2008,6,-1.12499e+08,9.80045e+06,-0.225724,0.0108354,3.64072e+07,817326,0.110056,0.0024689,4.12043e+07,1.14254e+07,0.0834519,0.020925,-5.10237e+07,8.66619e+06,0.00556638,0.00169975,,,,,,,,,,,,,,,,,,,,,,,,,,,,,,,,,,,,,,,,,,,,,,,,,,,,,,,,,,,,,,,,,,,,,,,,,5.94777e+06,2.80304e+06,0.023084,0.0108573,,,,,,,,,,,,,,,,,,,,,,,,
2008,7,-1.02754e+08,9.54811e+06,-0.265458,0.0156185,3.93773e+07,747071,0.127741,0.00237585,2.05429e+07,9.55947e+06,0.0762853,0.0326264,-5.83158e+07,8.37293e+06,0.00538972,0.00354473,,,,,,,,,,,,,,,,,,,,,,,,,,,,,,,,,,,,,,,,,,,,,,,,,,,,,,,,,,,,,,,,,,,,,,,,,5.96867e+06,2.6536e+06,0.0284789,0.012629,,,,,,,,,,,,,,,,,,,,,,,,
2008,8,-1.13188e+08,9.77832e+06,-0.343292,0.019142,3.28271e+07,841371,0.129488,0.00329631,2.03529e+07,8.8418e+06,0.0776286,0.0322381,-6.58859e+07,8.62239e+06,-0.00507302,0.00275844,,,,,,,,,,,,,,,,,,,,,,,,,,,,,,,,,,,,,,,,,,,,,,,,,,,,,,,,,,,,,,,,,,,,,,,,,6.15723e+06,3.0236e+06,0.0292367,0.014328,,,,,,,,,,,,,,,,,,,,,,,,
2008,9,-7.35799e+07,9.83282e+06,-0.21505,0.0172849,2.626e+07,664161,0.10075,0.0025339,-2.77074e+06,8.62507e+06,0.00659951,0.0278695,-5.43525e+07,8.80089e+06,0.00640815,0.00248331,,,,,,,,,,,,,,,,,,,,,,,,,,,,,,,,,,,,,,,,,,,,,,,,,,,,,,,,,,,,,,,,,,,,,,,,,6.03e+06,2.74865e+06,0.0289128,0.0131531,,,,,,,,,,,,,,,,,,,,,,,,
2008,10,-1.43416e+07,9.98547e+06,-0.113042,0.0107457,7.29232e+06,798323,0.0275887,0.00300616,1.56104e+07,8.85385e+06,0.0487671,0.0221623,-7.50066e+07,8.76332e+06,-0.000293906,0.00185461,,,,,,,,,,,,,,,,,,,,,,,,,,,,,,,,,,,,,,,,,,,,,,,,,,,,,,,,,,,,,,,,,,,,,,,,,6.73368e+06,2.79694e+06,0.0284158,0.0117604,,,,,,,,,,,,,,,,,,,,,,,,
2008,11,-1.42808e+07,9.94236e+06,-0.116594,0.00926662,1.42108e+07,892629,0.0523371,0.00327082,1.91687e+07,1.02808e+07,0.0696479,0.0246555,-9.20797e+07,8.88998e+06,0.00191576,0.00158601,,,,,,,,,,,,,,,,,,,,,,,,,,,,,,,,,,,,,,,,,,,,,,,,,,,,,,,,,,,,,,,,,,,,,,,,,6.35934e+06,2.99636e+06,0.0268348,0.0126073,,,,,,,,,,,,,,,,,,,,,,,,
2008,12,-2.95306e+07,9.9148e+06,-0.12106,0.00836162,3.06491e+07,1.07933e+06,0.114398,0.00401445,4.38937e+06,1.11558e+07,0.0381792,0.026814,-9.25515e+07,9.21909e+06,0.00821174,0.00167003,,,,,,,,,,,,,,,,,,,,,,,,,,,,,,,,,,,,,,,,,,,,,,,,,,,,,,,,,,,,,,,,,,,,,,,,,6.24275e+06,3.06714e+06,0.026343,0.0129114,,,,,,,,,,,,,,,,,,,,,,,,
2009,1,-3.44179e+07,1.0349e+07,-0.0627953,0.00535218,3.18827e+07,1.08144e+06,0.0710026,0.00240191,2.15007e+07,1.21217e+07,0.0323152,0.015914,-7.08273e+07,9.73729e+06,0.00771234,0.00112823,,,,,,,,,,,,,,,,,,,,,,,,,,,,,,,,,,,,,,,,,,,,,,,,,,,,,,,,,,,,,,,,,,,,,,,,,6.29578e+06,3.0492e+06,0.0229527,0.0110885,,,,,,,,,,,,,,,,,,,,,,,,
2009,2,-5.95316e+07,1.07891e+07,-0.0818161,0.00564176,3.25048e+07,1.21485e+06,0.0740264,0.00275919,3.66931e+07,1.12453e+07,0.0483657,0.0142981,-5.12879e+07,9.44343e+06,0.0105288,0.000978543,,,,,,,,,,,,,,,,,,,,,,,,,,,,,,,,,,,,,,,,,,,,,,,,,,,,,,,,,,,,,,,,,,,,,,,,,6.1612e+06,2.86918e+06,0.0224621,0.0104406,,,,,,,,,,,,,,,,,,,,,,,,
2009,3,-5.89147e+07,1.10268e+07,-0.0788095,0.00527246,3.23746e+07,1.10199e+06,0.07162,0.00243045,4.39667e+07,1.15689e+07,0.0544399,0.014309,-8.76081e+07,9.14938e+06,0.00931317,0.00105672,,,,,,,,,,,,,,,,,,,,,,,,,,,,,,,,,,,,,,,,,,,,,,,,,,,,,,,,,,,,,,,,,,,,,,,,,6.30739e+06,2.7353e+06,0.0229949,0.0099547,,,,,,,,,,,,,,,,,,,,,,,,
2009,4,-3.76534e+07,1.01166e+07,-0.168129,0.0099944,3.16269e+07,1.13385e+06,0.0925238,0.0033079,5.94388e+07,9.97844e+06,0.118678,0.0183189,-5.30177e+07,9.73113e+06,0.00461616,0.00159846,,,,,,,,,,,,,,,,,,,,,,,,,,,,,,,,,,,,,,,,,,,,,,,,,,,,,,,,,,,,,,,,,,,,,,,,,6.4256e+06,3.3205e+06,0.0223512,0.011508,,,,,,,,,,,,,,,,,,,,,,,,
2009,5,-7.34332e+07,9.92683e+06,-0.162474,0.0103466,3.75155e+07,1.05785e+06,0.106581,0.00299978,7.15896e+07,1.14632e+07,0.137128,0.0214511,-3.69206e+07,9.04232e+06,0.0150319,0.00212801,,,,,,,,,,,,,,,,,,,,,,,,,,,,,,,,,,,,,,,,,,,,,,,,,,,,,,,,,,,,,,,,,,,,,,,,,6.35314e+06,3.08942e+06,0.0219506,0.010637,,,,,,,,,,,,,,,,,,,,,,,,
2009,6,-8.60448e+07,1.01821e+07,-0.189435,0.0115839,3.68308e+07,779590,0.111306,0.00235518,6.70878e+07,1.08577e+07,0.126373,0.0197028,-5.13741e+07,9.03588e+06,0.0148593,0.0017961,,,,,,,,,,,,,,,,,,,,,,,,,,,,,,,,,,,,,,,,,,,,,,,,,,,,,,,,,,,,,,,,,,,,,,,,,6.10038e+06,2.94492e+06,0.023683,0.0113679,,,,,,,,,,,,,,,,,,,,,,,,
2009,7,-7.91976e+07,9.9395e+06,-0.213692,0.0171313,5.28658e+07,701379,0.170512,0.00222867,6.09122e+07,1.03489e+07,0.236468,0.0345377,-3.18777e+07,8.96125e+06,0.00967587,0.00371993,,,,,,,,,,,,,,,,,,,,,,,,,,,,,,,,,,,,,,,,,,,,,,,,,,,,,,,,,,,,,,,,,,,,,,,,,6.80869e+06,2.81481e+06,0.0324885,0.0134015,,,,,,,,,,,,,,,,,,,,,,,,
2009,8,-6.47914e+07,9.59011e+06,-0.220867,0.0186748,3.35817e+07,682435,0.133276,0.00267486,4.81135e+07,9.17984e+06,0.211962,0.0327733,-5.36189e+07,8.99442e+06,0.00665101,0.00302275,,,,,,,,,,,,,,,,,,,,,,,,,,,,,,,,,,,,,,,,,,,,,,,,,,,,,,,,,,,,,,,,,,,,,,,,,6.87149e+06,2.85475e+06,0.0326485,0.0135303,,,,,,,,,,,,,,,,,,,,,,,,
2009,9,-3.43704e+07,9.225e+06,-0.180486,0.0162577,1.32447e+07,701413,0.0508439,0.00266065,5.64126e+07,8.14882e+06,0.21773,0.0266479,-8.50737e+07,8.83842e+06,0.00997513,0.00259646,,,,,,,,,,,,,,,,,,,,,,,,,,,,,,,,,,,,,,,,,,,,,,,,,,,,,,,,,,,,,,,,,,,,,,,,,6.01016e+06,2.9093e+06,0.0288177,0.0138962,,,,,,,,,,,,,,,,,,,,,,,,
2009,10,-4.05253e+07,1.00229e+07,-0.120644,0.0107565,2.68666e+07,697314,0.101636,0.00263002,2.06011e+07,9.23327e+06,0.0667359,0.0232239,-1.16212e+08,9.30437e+06,-0.0108885,0.00208608,,,,,,,,,,,,,,,,,,,,,,,,,,,,,,,,,,,,,,,,,,,,,,,,,,,,,,,,,,,,,,,,,,,,,,,,,5.57127e+06,2.93625e+06,0.0235172,0.0123228,,,,,,,,,,,,,,,,,,,,,,,,
2009,11,-3.5351e+07,1.05019e+07,-0.117245,0.00916303,6.79223e+06,920348,0.0249282,0.00337767,3.80204e+07,1.05109e+07,0.0935473,0.0252341,-8.66376e+07,9.39784e+06,-0.00144004,0.00165273,,,,,,,,,,,,,,,,,,,,,,,,,,,,,,,,,,,,,,,,,,,,,,,,,,,,,,,,,,,,,,,,,,,,,,,,,5.967e+06,3.07577e+06,0.0251819,0.0129223,,,,,,,,,,,,,,,,,,,,,,,,
2009,12,-2.11103e+07,9.73516e+06,-0.116772,0.00798149,2.85261e+07,1.03374e+06,0.106449,0.00385141,4.73957e+07,1.14683e+07,0.126883,0.0276383,-6.24449e+07,9.30188e+06,0.00658353,0.00161002,,,,,,,,,,,,,,,,,,,,,,,,,,,,,,,,,,,,,,,,,,,,,,,,,,,,,,,,,,,,,,,,,,,,,,,,,5.6004e+06,2.98152e+06,0.0236402,0.0125267,,,,,,,,,,,,,,,,,,,,,,,,
2010,1,8.96805e+07,7.57826e+06,-0.0640052,0.0067789,,0,,0,,0,,0,-1.10933e+08,9.16916e+06,0.0318778,0.00439829,,,,,,,,,,,,,,,,,,,,,,,,,,,,,,,,,,,,,,,,,,,,,,,,,,,,,,,,,,,,,,,,,,,,,,,,,,,,,,,,,,,,,,,,,,,,,,,,,,,,
2010,2,6.17136e+07,7.97171e+06,-0.0523449,0.0071161,,0,,0,,0,,0,-6.60828e+07,8.94581e+06,0.00910166,0.0032567,,,,,,,,,,,,,,,,,,,,,,,,,,,,,,,,,,,,,,,,,,,,,,,,,,,,,,,,,,,,,,,,,,,,,,,,,,,,,,,,,,,,,,,,,,,,,,,,,,,,
2010,3,5.99681e+07,7.59491e+06,-0.0327828,0.00434882,,0,,0,,0,,0,-9.59157e+07,8.86378e+06,0.00116687,0.0022903,,,,,,,,,,,,,,,,,,,,,,,,,,,,,,,,,,,,,,,,,,,,,,,,,,,,,,,,,,,,,,,,,,,,,,,,,,,,,,,,,,,,,,,,,,,,,,,,,,,,
2010,4,6.19758e+07,7.56056e+06,-0.0212321,0.0027805,,0,,0,,0,,0,-8.29629e+07,8.37768e+06,0.00898737,0.00225302,,,,,,,,,,,,,,,,,,,,,,,,,,,,,,,,,,,,,,,,,,,,,,,,,,,,,,,,,,,,,,,,,,,,,,,,,,,,,,,,,,,,,,,,,,,,,,,,,,,,
2010,5,6.00888e+07,6.88466e+06,-0.0586805,0.00706586,,0,,0,911795,2.82732e+06,0.00187566,0.00516954,-4.95107e+07,8.49649e+06,0.0034272,0.00350713,,,,,,,,,,,,,,,,,,,,,,,,,,,,,,,,,,,,,,,,,,,,,,,,,,,,,,,,,,,,,,,,,,,,,,,,,,,,,,,,,,,,,,,,,,,,,,,,,,,,
2010,6,4.27067e+07,7.64449e+06,-0.0944679,0.015751,3.87347e+07,742325,0.0858511,0.0016511,6.04682e+06,4.73282e+06,0.0215794,0.0118071,-6.31197e+07,8.81257e+06,0.0147307,0.00562026,,,,,,,,,,,,,,,,,,,,,,,,,,,,,,,,,,,,,,,,,,,,,,,,,,,,,,,,,,,,,,,,,,,,,,,,,,,,,,,,,,,,,,,,,,,,,,,,,,,,
2010,7,3.05025e+07,7.42912e+06,-0.0637669,0.017192,2.18682e+07,637554,0.0464889,0.00135845,3.0043e+07,7.98493e+06,0.0812165,0.028549,-4.18467e+07,8.60507e+06,-0.0128926,0.00789504,,,,,,,,,,,,,,,,,,,,,,,,,,,,,,,,,,,,,,,,,,,,,,,,,,,,,,,,,,,,,,,,,,,,,,,,,,,,,,,,,,,,,,,,,,,,,,,,,,,,
2010,8,1.54989e+07,6.85339e+06,-0.0779641,0.0153596,,0,,0,3.33018e+07,7.72708e+06,0.0335998,0.0382233,-6.80269e+07,8.6124e+06,-0.0257542,0.00940987,,,,,,,,,,,,,,,,,,,,,,,,,,,,,,,,,,,,,,,,,,,,,,,,,,,,,,,,,,,,,,,,,,,,,,,,,,,,,,,,,,,,,,,,,,,,,,,,,,,,
2010,9,3.89819e+07,7.30304e+06,-0.108495,0.0162584,,0,,0,2.79573e+06,8.04898e+06,-0.104173,0.0356754,-5.81971e+07,8.76317e+06,0.0291248,0.00855916,,,,,,,,,,,,,,,,,,,,,,,,,,,,,,,,,,,,,,,,,,,,,,,,,,,,,,,,,,,,,,,,,,,,,,,,,,,,,,,,,,,,,,,,,,,,,,,,,,,,
2010,10,5.89895e+07,7.42715e+06,-0.0903295,0.0137691,,0,,0,-1.89389e+07,7.43765e+06,-0.145525,0.0272662,-7.44683e+07,9.02887e+06,-0.0404998,0.00925331,,,,,,,,,,,,,,,,,,,,,,,,,,,,,,,,,,,,,,,,,,,,,,,,,,,,,,,,,,,,,,,,,,,,,,,,,,,,,,,,,,,,,,,,,,,,,,,,,,,,
2010,11,7.34202e+07,7.01129e+06,-0.0909892,0.0091316,,0,,0,-5.14203e+07,8.10816e+06,-0.165698,0.0234561,-7.83813e+07,9.05441e+06,0.00371273,0.00524276,,,,,,,,,,,,,,,,,,,,,,,,,,,,,,,,,,,,,,,,,,,,,,,,,,,,,,,,,,,,,,,,,,,,,,,,,,,,,,,,,,,,,,,,,,,,,,,,,,,,
2010,12,4.17934e+07,6.52618e+06,-0.045902,0.00661415,,0,,0,-7.37051e+07,5.67504e+06,-0.193862,0.0140398,-8.50116e+07,9.34505e+06,0.0136264,0.00304755,,,,,,,,,,,,,,,,,,,,,,,,,,,,,,,,,,,,,,,,,,,,,,,,,,,,,,,,,,,,,,,,,,,,,,,,,,,,,,,,,,,,,,,,,,,,,,,,,,,,
2011,1,4.17097e+07,6.9827e+06,-0.0223999,0.00322351,,0,,0,-4.27746e+07,4.90283e+06,-0.0883128,0.0102549,-1.10361e+08,8.62934e+06,0.0206653,0.00213837,,,,,,,,,,,,,,,,,,,,,,,,,,,,,,,,,,,,,,,,,,,,,,,,,,,,,,,,,,,,,,,,,,,,,,,,,,,,,,,,,,,,,,,,,,,,,,,,,,,,
2011,2,1.3786e+07,3.41873e+06,-0.00484827,0.00122337,,0,,0,,0,,0,-9.04666e+07,8.36278e+06,0.0216658,0.00333744,,,,,,,,,,,,,,,,,,,,,,,,,,,,,,,,,,,,,,,,,,,,,,,,,,,,,,,,,,,,,,,,,,,,,,,,,,,,,,,,,,,,,,,,,,,,,,,,,,,,
2011,3,9.63707e+07,6.55998e+06,-0.0388419,0.00302819,,0,,0,,0,,0,-1.3829e+08,8.60736e+06,0.0386348,0.00283152,,,,,,,,,,,,,,,,,,,,,,,,,,,,,,,,,,,,,,,,,,,,,,,,,,,,,,,,,,,,,,,,,,,,,,,,,,,,,,,,,,,,,,,,,,,,,,,,,,,,
2011,4,8.95705e+07,6.51697e+06,-0.0728349,0.0066525,,0,,0,,0,,0,-1.21898e+08,8.22856e+06,0.0728329,0.00463023,,,,,,,,,,,,,,,,,,,,,,,,,,,,,,,,,,,,,,,,,,,,,,,,,,,,,,,,,,,,,,,,,,,,,,,,,,,,,,,,,,,,,,,,,,,,,,,,,,,,
2011,5,8.53428e+07,6.79925e+06,-0.101905,0.0103755,,0,,0,-526843,1.13064e+06,-0.000945213,0.00197117,-8.65326e+07,8.65253e+06,0.0198644,0.00300732,,,,,,,,,,,,,,,,,,,,,,,,,,,,,,,,,,,,,,,,,,,,,,,,,,,,,,,,,,,,,,,,,,,,,,,,,,,,,,,,,,,,,,,,,,,,,,,,,,,,
2011,6,4.68112e+07,6.40601e+06,-0.0484553,0.00803908,,0,,0,-1.10602e+07,6.90744e+06,-0.0231033,0.018014,-8.46494e+07,8.09405e+06,-0.00980876,0.00310115,,,,,,,,,,,,,,,,,,,,,,,,,,,,,,,,,,,,,,,,,,,,,,,,,,,,,,,,,,,,,,,,,,,,,,,,,,,,,,,,,,,,,,,,,,,,,,,,,,,,
2011,7,2.28145e+06,6.646e+06,0.00828001,0.00634336,,0,,0,1.14626e+07,8.76096e+06,0.0510368,0.0355115,-7.78598e+07,8.6544e+06,-0.0270137,0.00447084,,,,,,,,,,,,,,,,,,,,,,,,,,,,,,,,,,,,,,,,,,,,,,,,,,,,,,,,,,,,,,,,,,,,,,,,,,,,,,,,,,,,,,,,,,,,,,,,,,,,
2011,8,2.33426e+06,7.23622e+06,-0.0151172,0.00533492,3.23068e+07,684619,0.0776213,0.00165851,2.10299e+07,7.71115e+06,0.0844345,0.034087,-6.4409e+07,8.30887e+06,0.00382031,0.00407373,,,,,,,,,,,,,,,,,,,,,,,,,,,,,,,,,,,,,,,,,,,,,,,,,,,,,,,,,,,,,,,,,,,,,,,,,,,,,,,,,,,,,,,,,,,,,,,,,,,,
2011,9,1.80106e+06,7.17101e+06,-0.0106723,0.00227087,1.3597e+07,663465,0.0315195,0.00153752,-1.69187e+07,8.00742e+06,-0.0644107,0.0288473,-6.86716e+07,8.62633e+06,0.0203729,0.00187695,,,,,,,,,,,,,,,,,,,,,,,,,,,,,,,,,,,,,,,,,,,,,,,,,,,,,,,,,,,,,,,,,,,,,,,,,,,,,,,,,,,,,,,,,,,,,,,,,,,,
2011,10,6.34228e+07,7.32373e+06,0.0266424,0.00237398,2.73866e+07,819787,0.0519243,0.0015676,-1.53628e+07,7.61308e+06,-0.0215471,0.0223662,-9.71492e+07,8.37119e+06,0.0173642,0.00182147,,,,,,,,,,,,,,,,,,,,,,,,,,,,,,,,,,,,,,,,,,,,,,,,,,,,,,,,,,,,,,,,,,,,,,,,,,,,,,,,,,,,,,,,,,,,,,,,,,,,
2011,11,8.90564e+07,7.70344e+06,0.021839,0.00174973,5.24815e+06,855440,0.0120187,0.0019563,-1.03574e+07,9.06993e+06,-0.0142533,0.0214281,-1.30275e+08,9.10563e+06,-0.00571963,0.0021695,,,,,,,,,,,,,,,,,,,,,,,,,,,,,,,,,,,,,,,,,,,,,,,,,,,,,,,,,,,,,,,,,,,,,,,,,,,,,,,,,,,,,,,,,,,,,,,,,,,,
2011,12,8.24518e+07,8.1247e+06,-0.00406698,0.00237807,2.4186e+07,1.0261e+06,0.0622264,0.00263647,-3.16225e+06,9.98839e+06,0.0140858,0.0239963,-1.46834e+08,9.24504e+06,0.0121874,0.00271751,,,,,,,,,,,,,,,,,,,,,,,,,,,,,,,,,,,,,,,,,,,,,,,,,,,,,,,,,,,,,,,,,,,,,,,,,,,,,,,,,,,,,,,,,,,,,,,,,,,,
2012,1,9.53911e+07,7.99824e+06,-0.0365415,0.00481355,,0,,0,-2.22649e+07,3.87182e+06,-0.040033,0.00630601,-1.18136e+08,8.88498e+06,-0.0353004,0.00514062,,,,,,,,,,,,,,,,,,,,,,,,,,,,,,,,,,,,,,,,,,,,,,,,,,,,,,,,,,,,,,,,,,,,,,,,,,,,,,,,,,,,,,,,,,,,,,,,,,,,
2012,2,7.88993e+07,8.04508e+06,-0.0189258,0.00227725,,0,,0,,0,,0,-1.21252e+08,8.60288e+06,-0.0261836,0.00352161,,,,,,,,,,,,,,,,,,,,,,,,,,,,,,,,,,,,,,,,,,,,,,,,,,,,,,,,,,,,,,,,,,,,,,,,,,,,,,,,,,,,,,,,,,,,,,,,,,,,
2012,3,9.11973e+07,7.50332e+06,-0.0575002,0.00378978,,0,,0,,0,,0,-1.13829e+08,8.75779e+06,-0.0132579,0.00296001,,,,,,,,,,,,,,,,,,,,,,,,,,,,,,,,,,,,,,,,,,,,,,,,,,,,,,,,,,,,,,,,,,,,,,,,,,,,,,,,,,,,,,,,,,,,,,,,,,,,
2012,4,7.26273e+07,9.14126e+06,-0.0182934,0.00447472,,0,,0,,0,,0,-4.44762e+07,9.09338e+06,-0.00810379,0.00460653,,,,,,,,,,,,,,,,,,,,,,,,,,,,,,,,,,,,,,,,,,,,,,,,,,,,,,,,,,,,,,,,,,,,,,,,,,,,,,,,,,,,,,,,,,,,,,,,,,,,
2012,5,4.08135e+07,1.02205e+07,-0.0102565,0.00316581,,0,,0,-1.69532e+07,4.09561e+06,-0.0249522,0.00477035,-8.72497e+07,9.68376e+06,0.00261776,0.00392238,,,,,,,,,,,,,,,,,,,,,,,,,,,,,,,,,,,,,,,,,,,,,,,,,,,,,,,,,,,,,,,,,,,,,,,,,,,,,,,,,,,,,,,,,,,,,,,,,,,,
2012,6,4.61909e+07,1.04524e+07,-0.0177996,0.00337514,2.61772e+07,797995,0.0593762,0.00180784,3.18594e+07,9.71527e+06,0.232512,0.0333747,-4.39743e+07,9.56632e+06,0.0170575,0.00207802,,,,,,,,,,,,,,,,,,,,,,,,,,,,,,,,,,,,,,,,,,,,,,,,,,,,,,,,,,,,,,,,,,,,,,,,,,,,,,,,,,,,,,,,,,,,,,,,,,,,
2012,7,4.8358e+07,9.68571e+06,0.011817,0.00383061,3.0212e+07,784459,0.0302036,0.00078836,3.85787e+07,9.28084e+06,0.412134,0.0451639,-4.56102e+07,1.00756e+07,0.0163387,0.00239881,,,,,,,,,,,,,,,,,,,,,,,,,,,,,,,,,,,,,,,,,,,,,,,,,,,,,,,,,,,,,,,,,,,,,,,,,,,,,,,,,,,,,,,,,,,,,,,,,,,,
2012,8,5.43126e+07,9.5534e+06,-0.00749014,0.00574068,3.14538e+07,717379,0.0491341,0.00115295,2.61123e+07,9.36385e+06,0.164254,0.0353133,-5.86199e+07,9.77509e+06,0.0142937,0.0019844,,,,,,,,,,,,,,,,,,,,,,,,,,,,,,,,,,,,,,,,,,,,,,,,,,,,,,,,,,,,,,,,,,,,,,,,,,,,,,,,,,,,,,,,,,,,,,,,,,,,
2012,9,4.84341e+07,1.00769e+07,-0.00827109,0.00256351,779467,679234,0.00226852,0.00245156,3.77811e+06,9.48857e+06,0.0429694,0.0298874,-1.00271e+08,9.7531e+06,0.0244017,0.00212916,,,,,,,,,,,,,,,,,,,,,,,,,,,,,,,,,,,,,,,,,,,,,,,,,,,,,,,,,,,,,,,,,,,,,,,,,,,,,,,,,,,,,,,,,,,,,,,,,,,,
2012,10,5.08617e+07,1.03573e+07,0.0114335,0.0041764,1.51485e+06,670867,0.00718567,0.00302763,3.12559e+06,9.95658e+06,-0.00324329,0.0249955,-5.41394e+07,9.60479e+06,0.00811054,0.00151251,,,,,,,,,,,,,,,,,,,,,,,,,,,,,,,,,,,,,,,,,,,,,,,,,,,,,,,,,,,,,,,,,,,,,,,,,,,,,,,,,,,,,,,,,,,,,,,,,,,,
2012,11,6.83442e+07,9.50174e+06,0.0299015,0.00456256,7.93984e+06,888502,0.0245399,0.00274946,7.95816e+06,9.111e+06,0.01842,0.020392,-6.27305e+07,9.52473e+06,0.00652919,0.00153571,,,,,,,,,,,,,,,,,,,,,,,,,,,,,,,,,,,,,,,,,,,,,,,,,,,,,,,,,,,,,,,,,,,,,,,,,,,,,,,,,,,,,,,,,,,,,,,,,,,,
2012,12,5.39541e+07,1.03347e+07,0.00304266,0.0025836,2.54308e+07,1.00632e+06,0.0605943,0.00239623,1.9463e+07,9.96551e+06,0.0854956,0.0266074,-8.46501e+07,9.77751e+06,-0.011777,0.00246104,,,,,,,,,,,,,,,,,,,,,,,,,,,,,,,,,,,,,,,,,,,,,,,,,,,,,,,,,,,,,,,,,,,,,,,,,,,,,,,,,,,,,,,,,,,,,,,,,,,,
2013,1,5.62572e+07,1.03129e+07,-0.0191799,0.00340037,,0,,0,-1.71665e+07,7.16802e+06,-0.0289419,0.0150658,-8.88675e+07,9.95937e+06,-0.0103968,0.0028383,,,,,,,,,,,,,,,,,,,,,,,,,,,,,,,,,,,,,,,,,,,,,,,,,,,,,,,,,,,,,,,,,,,,,,,,,,,,,,,,,,,,,,,,,,,,,,,,,,,,
2013,2,5.79106e+07,1.08802e+07,-0.00419703,0.00503529,,0,,0,,0,,0,-6.56856e+07,9.83254e+06,-0.0087431,0.00409741,,,,,,,,,,,,,,,,,,,,,,,,,,,,,,,,,,,,,,,,,,,,,,,,,,,,,,,,,,,,,,,,,,,,,,,,,,,,,,,,,,,,,,,,,,,,,,,,,,,,
2013,3,2.47892e+07,9.26095e+06,-0.00575109,0.00556914,,0,,0,,0,,0,-5.3874e+07,9.43753e+06,-0.0242686,0.00628201,,,,,,,,,,,,,,,,,,,,,,,,,,,,,,,,,,,,,,,,,,,,,,,,,,,,,,,,,,,,,,,,,,,,,,,,,,,,,,,,,,,,,,,,,,,,,,,,,,,,
2013,4,3.65469e+07,7.73827e+06,-0.00937952,0.00445422,,0,,0,,0,,0,-1.15813e+08,8.81717e+06,-0.0294642,0.00454156,,,,,,,,,,,,,,,,,,,,,,,,,,,,,,,,,,,,,,,,,,,,,,,,,,,,,,,,,,,,,,,,,,,,,,,,,,,,,,,,,,,,,,,,,,,,,,,,,,,,
2013,5,3.41232e+07,7.99199e+06,-0.0163001,0.0032431,,0,,0,-7.30994e+06,4.55327e+06,-0.0130376,0.00738623,-1.05174e+08,8.98529e+06,0.00161205,0.00608732,,,,,,,,,,,,,,,,,,,,,,,,,,,,,,,,,,,,,,,,,,,,,,,,,,,,,,,,,,,,,,,,,,,,,,,,,,,,,,,,,,,,,,,,,,,,,,,,,,,,
2013,6,1.2898e+07,7.76163e+06,-0.00400627,0.00520887,3.23024e+07,926935,0.0592165,0.0017214,5.2853e+06,7.47911e+06,0.000733582,0.0163068,-8.78664e+07,8.50806e+06,0.0164218,0.00204367,,,,,,,,,,,,,,,,,,,,,,,,,,,,,,,,,,,,,,,,,,,,,,,,,,,,,,,,,,,,,,,,,,,,,,,,,,,,,,,,,,,,,,,,,,,,,,,,,,,,
2013,7,9.66408e+06,7.66233e+06,-0.0283698,0.00764293,4.10098e+07,811776,0.0286704,0.000586015,5.83685e+07,8.63495e+06,0.255611,0.0328769,-1.10594e+08,8.37817e+06,0.0237102,0.00246651,,,,,,,,,,,,,,,,,,,,,,,,,,,,,,,,,,,,,,,,,,,,,,,,,,,,,,,,,,,,,,,,,,,,,,,,,,,,,,,,,,,,,,,,,,,,,,,,,,,,
2013,8,2.87874e+07,7.43112e+06,-0.0289485,0.00328012,3.16831e+07,817412,0.059376,0.00155121,6.83781e+07,7.87598e+06,0.29169,0.0281218,-1.0434e+08,8.56667e+06,0.0317295,0.00255322,,,,,,,,,,,,,,,,,,,,,,,,,,,,,,,,,,,,,,,,,,,,,,,,,,,,,,,,,,,,,,,,,,,,,,,,,,,,,,,,,,,,,,,,,,,,,,,,,,,,
2013,9,4.51224e+07,7.12786e+06,-0.00166673,0.00153209,3.2259e+07,723766,0.0963777,0.00217054,1.57087e+07,7.82052e+06,0.0891811,0.0199506,-1.16198e+08,8.56457e+06,0.0274932,0.0023324,,,,,,,,,,,,,,,,,,,,,,,,,,,,,,,,,,,,,,,,,,,,,,,,,,,,,,,,,,,,,,,,,,,,,,,,,,,,,,,,,,,,,,,,,,,,,,,,,,,,
2013,10,6.73454e+07,7.60431e+06,0.0178697,0.00286083,1.90279e+07,819556,0.0497768,0.0021528,-1.29619e+06,8.1642e+06,0.0277565,0.0175818,-8.69781e+07,8.65479e+06,-0.00581225,0.00218838,,,,,,,,,,,,,,,,,,,,,,,,,,,,,,,,,,,,,,,,,,,,,,,,,,,,,,,,,,,,,,,,,,,,,,,,,,,,,,,,,,,,,,,,,,,,,,,,,,,,
2013,11,5.40271e+07,7.9577e+06,0.0244452,0.00483606,2.46504e+07,762502,0.0770306,0.00239566,1.17873e+07,8.94014e+06,0.0537888,0.0187501,-1.29361e+08,8.91049e+06,0.00879154,0.00179947,,,,,,,,,,,,,,,,,,,,,,,,,,,,,,,,,,,,,,,,,,,,,,,,,,,,,,,,,,,,,,,,,,,,,,,,,,,,,,,,,,,,,,,,,,,,,,,,,,,,
2013,12,7.82468e+07,8.49696e+06,0.00753303,0.00236242,3.10943e+07,1.01797e+06,0.0768467,0.00252028,2.99537e+07,9.8107e+06,0.0932907,0.025558,-1.07846e+08,9.0148e+06,-0.00339152,0.00221148,,,,,,,,,,,,,,,,,,,,,,,,,,,,,,,,,,,,,,,,,,,,,,,,,,,,,,,,,,,,,,,,,,,,,,,,,,,,,,,,,,,,,,,,,,,,,,,,,,,,
2014,1,5.44651e+07,9.03057e+06,-0.0087243,0.00506363,,0,,0,-1.76292e+07,5.95909e+06,-0.0330955,0.0111372,-8.79729e+07,9.27674e+06,-0.00387977,0.00251317,,,,,,,,,,,,,,,,,,,,,,,,,,,,,,,,,,,,,,,,,,,,,,,,,,,,,,,,,,,,,,,,,,,,,,,,,,,,,,,,,,,,,,,,,,,,,,,,,,,,
2014,2,3.34231e+07,8.9508e+06,-0.0269464,0.00371865,,0,,0,,0,,0,-1.4423e+08,9.45284e+06,-0.0136735,0.00238869,,,,,,,,,,,,,,,,,,,,,,,,,,,,,,,,,,,,,,,,,,,,,,,,,,,,,,,,,,,,,,,,,,,,,,,,,,,,,,,,,,,,,,,,,,,,,,,,,,,,
2014,3,8.92323e+07,7.73513e+06,-0.0351289,0.00334012,,0,,0,,0,,0,-9.56148e+07,9.4308e+06,0.0136155,0.00271442,,,,,,,,,,,,,,,,,,,,,,,,,,,,,,,,,,,,,,,,,,,,,,,,,,,,,,,,,,,,,,,,,,,,,,,,,,,,,,,,,,,,,,,,,,,,,,,,,,,,
2014,4,5.75131e+07,7.50248e+06,-0.0316702,0.00473323,,0,,0,2.6835e+06,1.70332e+06,0.00367209,0.00233293,-1.01463e+08,8.61096e+06,-0.00724263,0.00301173,,,,,,,,,,,,,,,,,,,,,,,,,,,,,,,,,,,,,,,,,,,,,,,,,,,,,,,,,,,,,,,,,,,,,,,,,,,,,,,,,,,,,,,,,,,,,,,,,,,,
2014,5,3.099e+07,7.15407e+06,-0.00450028,0.00208511,3.05407e+07,959704,0.0772939,0.00243153,6.05084e+06,3.66608e+06,0.00232504,0.00383775,-5.22038e+07,8.83206e+06,0.0106531,0.00158174,,,,,,,,,,,,,,,,,,,,,,,,,,,,,,,,,,,,,,,,,,,,,,,,,,,,,,,,,,,,,,,,,,,,,,,,,,,,,,,,,,,,,,,,,,,,,,,,,,,,
2014,6,2.15244e+07,8.09911e+06,-0.00897051,0.00429871,3.34961e+07,863675,0.0851715,0.00218086,3.13136e+07,9.8212e+06,0.144997,0.0265282,-5.98247e+07,9.11039e+06,0.032483,0.00340803,,,,,,,,,,,,,,,,,,,,,,,,,,,,,,,,,,,,,,,,,,,,,,,,,,,,,,,,,,,,,,,,,,,,,,,,,,,,,,,,,,,,,,,,,,,,,,,,,,,,
2014,7,1.50995e+07,7.99418e+06,-0.00508908,0.00445976,3.94543e+07,905993,0.050867,0.00117196,5.88883e+07,8.57532e+06,0.246008,0.0226857,-6.98629e+07,8.99258e+06,0.0382311,0.00370442,,,,,,,,,,,,,,,,,,,,,,,,,,,,,,,,,,,,,,,,,,,,,,,,,,,,,,,,,,,,,,,,,,,,,,,,,,,,,,,,,,,,,,,,,,,,,,,,,,,,
2014,8,1.73089e+07,7.62384e+06,0.00151358,0.00355746,4.25204e+07,836987,0.0593519,0.00117762,3.93889e+07,7.9387e+06,0.134038,0.0193598,-4.22145e+07,8.54709e+06,0.0186964,0.00244566,,,,,,,,,,,,,,,,,,,,,,,,,,,,,,,,,,,,,,,,,,,,,,,,,,,,,,,,,,,,,,,,,,,,,,,,,,,,,,,,,,,,,,,,,,,,,,,,,,,,
2014,9,3.30635e+06,7.76166e+06,0.000188686,0.0051859,3.36728e+07,815272,0.0495022,0.00120691,3.35921e+07,8.72149e+06,0.0929004,0.0184268,-1.26806e+08,8.55737e+06,0.0302232,0.00242726,,,,,,,,,,,,,,,,,,,,,,,,,,,,,,,,,,,,,,,,,,,,,,,,,,,,,,,,,,,,,,,,,,,,,,,,,,,,,,,,,,,,,,,,,,,,,,,,,,,,
2014,10,2.69114e+07,7.99993e+06,0.00999743,0.00379174,2.03517e+07,818912,0.0448964,0.00182411,9.02335e+06,8.22438e+06,0.0327099,0.0165381,-1.09932e+08,9.0278e+06,0.0317971,0.00311817,,,,,,,,,,,,,,,,,,,,,,,,,,,,,,,,,,,,,,,,,,,,,,,,,,,,,,,,,,,,,,,,,,,,,,,,,,,,,,,,,,,,,,,,,,,,,,,,,,,,
2014,11,3.83422e+07,8.61034e+06,0.00702704,0.00298695,3.40711e+07,840338,0.0942364,0.00232649,1.69484e+06,8.71106e+06,0.0153062,0.0149701,-9.11045e+07,8.88948e+06,0.0131324,0.00204265,,,,,,,,,,,,,,,,,,,,,,,,,,,,,,,,,,,,,,,,,,,,,,,,,,,,,,,,,,,,,,,,,,,,,,,,,,,,,,,,,,,,,,,,,,,,,,,,,,,,
2014,12,4.48713e+07,8.54394e+06,-0.0070932,0.00323828,1.62312e+07,1.02528e+06,0.0595689,0.00375515,1.64311e+07,9.93542e+06,0.0853024,0.0226619,-1.25657e+08,9.28798e+06,0.0282654,0.00251435,,,,,,,,,,,,,,,,,,,,,,,,,,,,,,,,,,,,,,,,,,,,,,,,,,,,,,,,,,,,,,,,,,,,,,,,,,,,,,,,,,,,,,,,,,,,,,,,,,,,
2015,1,7.38195e+07,9.14326e+06,-0.0137476,0.00347468,2.72316e+07,984613,0.0724133,0.00262314,-1.72891e+07,6.02431e+06,-0.0303985,0.0109183,-9.69367e+07,9.64942e+06,-0.00485087,0.00284828,,,,,,,,,,,,,,,,,,,,,,,,,,,,,,,,,,,,,,,,,,,,,,,,,,,,,,,,,,,,,,,,,,,,,,,,,,,,,,,,,,,,,,,,,,,,,,,,,,,,
2015,2,7.086e+07,9.72286e+06,-0.0177751,0.00492908,,0,,0,,0,,0,-1.18819e+08,9.34234e+06,-0.0544486,0.00504218,,,,,,,,,,,,,,,,,,,,,,,,,,,,,,,,,,,,,,,,,,,,,,,,,,,,,,,,,,,,,,,,,,,,,,,,,,,,,,,,,,,,,,,,,,,,,,,,,,,,
2015,3,8.46512e+07,9.14612e+06,-0.0492501,0.00429933,,0,,0,,0,,0,-1.71739e+08,9.49086e+06,-0.00148784,0.00222222,,,,,,,,,,,,,,,,,,,,,,,,,,,,,,,,,,,,,,,,,,,,,,,,,,,,,,,,,,,,,,,,,,,,,,,,,,,,,,,,,,,,,,,,,,,,,,,,,,,,
2015,4,6.04428e+07,8.33133e+06,-0.0450824,0.00444707,,0,,0,,0,,0,-1.02682e+08,9.56887e+06,0.0303581,0.00268496,,,,,,,,,,,,,,,,,,,,,,,,,,,,,,,,,,,,,,,,,,,,,,,,,,,,,,,,,,,,,,,,,,,,,,,,,,,,,,,,,,,,,,,,,,,,,,,,,,,,
2015,5,4.57184e+07,8.20185e+06,-0.00121368,0.00276146,3.73083e+07,1.07121e+06,0.0899421,0.00258418,-3.36125e+06,2.91865e+06,-0.00453283,0.004334,-8.46557e+07,9.04507e+06,0.0302131,0.00250824,,,,,,,,,,,,,,,,,,,,,,,,,,,,,,,,,,,,,,,,,,,,,,,,,,,,,,,,,,,,,,,,,,,,,,,,,,,,,,,,,,,,,,,,,,,,,,,,,,,,
2015,6,3.88888e+07,8.3028e+06,0.0073183,0.00374109,3.46346e+07,875323,0.0884213,0.00223272,-2.97723e+07,4.46771e+06,-0.0354602,0.00658454,-1.01077e+08,9.56373e+06,0.0286432,0.00380146,,,,,,,,,,,,,,,,,,,,,,,,,,,,,,,,,,,,,,,,,,,,,,,,,,,,,,,,,,,,,,,,,,,,,,,,,,,,,,,,,,,,,,,,,,,,,,,,,,,,
2015,7,2.08851e+07,7.91036e+06,0.000896064,0.0064989,4.78158e+07,844011,0.113663,0.00200703,-1.54084e+07,5.79144e+06,0.00426049,0.0134008,-8.1671e+07,9.1739e+06,0.0324012,0.00447926,,,,,,,,,,,,,,,,,,,,,,,,,,,,,,,,,,,,,,,,,,,,,,,,,,,,,,,,,,,,,,,,,,,,,,,,,,,,,,,,,,,,,,,,,,,,,,,,,,,,
2015,8,2.185e+06,7.70323e+06,-0.0420452,0.00769945,3.4547e+07,777155,0.0826303,0.00185745,5.90952e+07,9.73711e+06,0.280026,0.035062,-7.6092e+07,9.06214e+06,0.0609777,0.00581746,,,,,,,,,,,,,,,,,,,,,,,,,,,,,,,,,,,,,,,,,,,,,,,,,,,,,,,,,,,,,,,,,,,,,,,,,,,,,,,,,,,,,,,,,,,,,,,,,,,,
2015,9,2.57808e+07,7.06994e+06,0.0235943,0.00860647,1.66829e+07,733983,0.0393131,0.00173028,4.21472e+07,8.44589e+06,0.23687,0.0304547,-8.96677e+07,8.93699e+06,0.0104916,0.00323715,,,,,,,,,,,,,,,,,,,,,,,,,,,,,,,,,,,,,,,,,,,,,,,,,,,,,,,,,,,,,,,,,,,,,,,,,,,,,,,,,,,,,,,,,,,,,,,,,,,,
2015,10,3.21373e+07,8.02702e+06,0.0469246,0.0102735,,0,,0,5.58146e+07,8.46571e+06,0.175033,0.0206634,-1.12867e+08,9.39419e+06,0.0240827,0.00371674,,,,,,,,,,,,,,,,,,,,,,,,,,,,,,,,,,,,,,,,,,,,,,,,,,,,,,,,,,,,,,,,,,,,,,,,,,,,,,,,,,,,,,,,,,,,,,,,,,,,
2015,11,4.12052e+07,8.59085e+06,0.0246054,0.00574731,,0,,0,4.6042e+07,1.09098e+07,0.207661,0.0229099,-1.08182e+08,9.34214e+06,0.0264138,0.00242492,,,,,,,,,,,,,,,,,,,,,,,,,,,,,,,,,,,,,,,,,,,,,,,,,,,,,,,,,,,,,,,,,,,,,,,,,,,,,,,,,,,,,,,,,,,,,,,,,,,,
2015,12,8.01322e+07,8.34528e+06,0.0225189,0.00398304,,0,,0,4.16013e+07,1.10186e+07,0.16794,0.0240705,-1.62796e+08,9.47128e+06,-0.0147842,0.00259539,,,,,,,,,,,,,,,,,,,,,,,,,,,,,,,,,,,,,,,,,,,,,,,,,,,,,,,,,,,,,,,,,,,,,,,,,,,,,,,,,,,,,,,,,,,,,,,,,,,,
2016,1,6.58892e+07,9.65002e+06,-0.0107345,0.0028412,,0,,0,-9.21303e+06,3.30695e+06,-0.0133987,0.00508332,-6.97046e+07,9.55791e+06,-0.00914623,0.00268464,,,,,,,,,,,,,,,,,,,,,,,,,,,,,,,,,,,,,,,,,,,,,,,,,,,,,,,,,,,,,,,,,,,,,,,,,,,,,,,,,,,,,,,,,,,,,,,,,,,,
2016,2,6.26456e+07,9.21145e+06,-0.0399133,0.00467122,,0,,0,,0,,0,-1.20782e+08,9.34275e+06,-0.0211266,0.00265988,,,,,,,,,,,,,,,,,,,,,,,,,,,,,,,,,,,,,,,,,,,,,,,,,,,,,,,,,,,,,,,,,,,,,,,,,,,,,,,,,,,,,,,,,,,,,,,,,,,,
2016,3,2.4514e+07,8.83164e+06,-0.0182387,0.00354815,,0,,0,,0,,0,-1.04722e+08,9.55296e+06,0.0268924,0.00331745,,,,,,,,,,,,,,,,,,,,,,,,,,,,,,,,,,,,,,,,,,,,,,,,,,,,,,,,,,,,,,,,,,,,,,,,,,,,,,,,,,,,,,,,,,,,,,,,,,,,
2016,4,1.433e+07,7.93508e+06,-0.0169248,0.00285936,,0,,0,-1.27062e+07,3.65921e+06,-0.0192589,0.00537799,-8.42293e+07,9.36813e+06,0.0259614,0.00380456,,,,,,,,,,,,,,,,,,,,,,,,,,,,,,,,,,,,,,,,,,,,,,,,,,,,,,,,,,,,,,,,,,,,,,,,,,,,,,,,,,,,,,,,,,,,,,,,,,,,
2016,5,1.35938e+07,7.73069e+06,-0.0226183,0.00381844,,0,,0,-2.68557e+07,4.90794e+06,-0.0284019,0.00796705,-1.05123e+08,9.1906e+06,0.0267535,0.00299468,,,,,,,,,,,,,,,,,,,,,,,,,,,,,,,,,,,,,,,,,,,,,,,,,,,,,,,,,,,,,,,,,,,,,,,,,,,,,,,,,,,,,,,,,,,,,,,,,,,,
2016,6,1.16972e+07,7.5613e+06,0.00189692,0.00425055,,0,,0,-40516.9,6.67049e+06,0.0108141,0.01254,-7.24019e+07,9.1126e+06,0.0125176,0.00212316,,,,,,,,,,,,,,,,,,,,,,,,,,,,,,,,,,,,,,,,,,,,,,,,,,,,,,,,,,,,,,,,,,,,,,,,,,,,,,,,,,,,,,,,,,,,,,,,,,,,
2016,7,1.70951e+07,6.71842e+06,-0.00228026,0.00570159,,0,,0,5.45065e+07,8.16617e+06,0.21531,0.0246459,-7.59296e+07,8.68507e+06,0.0141758,0.00196844,,,,,,,,,,,,,,,,,,,,,,,,,,,,,,,,,,,,,,,,,,,,,,,,,,,,,,,,,,,,,,,,,,,,,,,,,,,,,,,,,,,,,,,,,,,,,,,,,,,,
2016,8,2.7031e+07,6.71793e+06,0.00721156,0.00760714,1.53586e+07,882027,0.0457457,0.00263782,5.32264e+07,8.08201e+06,0.327006,0.0336389,-1.202e+08,8.53666e+06,-0.00250943,0.0021003,,,,,,,,,,,,,,,,,,,,,,,,,,,,,,,,,,,,,,,,,,,,,,,,,,,,,,,,,,,,,,,,,,,,,,,,,,,,,,,,,,,,,,,,,,,,,,,,,,,,
2016,9,5.61461e+07,6.85469e+06,0.0344109,0.00913257,8.07581e+06,810731,0.0231185,0.00230647,5.86587e+07,8.48251e+06,0.255649,0.029311,-1.3289e+08,8.65415e+06,-0.00778208,0.00191501,,,,,,,,,,,,,,,,,,,,,,,,,,,,,,,,,,,,,,,,,,,,,,,,,,,,,,,,,,,,,,,,,,,,,,,,,,,,,,,,,,,,,,,,,,,,,,,,,,,,
2016,10,5.27823e+07,7.20321e+06,0.0203891,0.00777137,,0,,0,7.03826e+07,8.67714e+06,0.209273,0.0236847,-1.17811e+08,8.95134e+06,-0.0089393,0.00215325,,,,,,,,,,,,,,,,,,,,,,,,,,,,,,,,,,,,,,,,,,,,,,,,,,,,,,,,,,,,,,,,,,,,,,,,,,,,,,,,,,,,,,,,,,,,,,,,,,,,
2016,11,6.64999e+07,7.90141e+06,0.0246336,0.00688112,,0,,0,4.47114e+07,9.26729e+06,0.121355,0.0159753,-1.18662e+08,8.68556e+06,-0.00731882,0.00183231,,,,,,,,,,,,,,,,,,,,,,,,,,,,,,,,,,,,,,,,,,,,,,,,,,,,,,,,,,,,,,,,,,,,,,,,,,,,,,,,,,,,,,,,,,,,,,,,,,,,
2016,12,9.58695e+07,7.62996e+06,0.044117,0.00510553,,0,,0,3.99703e+07,1.12848e+07,0.160359,0.0232271,-1.31719e+08,8.90167e+06,-0.00994322,0.00187424,,,,,,,,,,,,,,,,,,,,,,,,,,,,,,,,,,,,,,,,,,,,,,,,,,,,,,,,,,,,,,,,,,,,,,,,,,,,,,,,,,,,,,,,,,,,,,,,,,,,
2017,1,8.98557e+07,7.39319e+06,0.0751203,0.00519947,,0,,0,-1.8033e+07,4.18218e+06,-0.025322,0.00585706,-1.4005e+08,8.86734e+06,-0.0213267,0.00196552,,,,,,,,,,,,,,,,,,,,,,,,,,,,,,,,,,,,,,,,,,,,,,,,,,,,,,,,,,,,,,,,,,,,,,,,,,,,,,,,,,,,,,,,,,,,,,,,,,,,
2017,2,7.63821e+07,7.10722e+06,0.0276974,0.00296827,,0,,0,,0,,0,-1.08176e+08,8.89609e+06,-0.0352795,0.00271613,,,,,,,,,,,,,,,,,,,,,,,,,,,,,,,,,,,,,,,,,,,,,,,,,,,,,,,,,,,,,,,,,,,,,,,,,,,,,,,,,,,,,,,,,,,,,,,,,,,,
2017,3,3.89444e+07,7.21751e+06,-0.0137712,0.00245314,,0,,0,,0,,0,-1.40285e+08,8.63116e+06,-0.0171426,0.00245731,,,,,,,,,,,,,,,,,,,,,,,,,,,,,,,,,,,,,,,,,,,,,,,,,,,,,,,,,,,,,,,,,,,,,,,,,,,,,,,,,,,,,,,,,,,,,,,,,,,,
2017,4,4.61644e+07,6.24275e+06,-0.0262487,0.00334589,,0,,0,,0,,0,-8.71876e+07,8.51227e+06,0.00446179,0.00193916,,,,,,,,,,,,,,,,,,,,,,,,,,,,,,,,,,,,,,,,,,,,,,,,,,,,,,,,,,,,,,,,,,,,,,,,,,,,,,,,,,,,,,,,,,,,,,,,,,,,
2017,5,2.69117e+07,6.15608e+06,-0.0110084,0.00230101,,0,,0,-1.0759e+06,2.34738e+06,-0.000336874,0.00348471,-8.87592e+07,8.82774e+06,-0.00392113,0.00213131,,,,,,,,,,,,,,,,,,,,,,,,,,,,,,,,,,,,,,,,,,,,,,,,,,,,,,,,,,,,,,,,,,,,,,,,,,,,,,,,,,,,,,,,,,,,,,,,,,,,
2017,6,2.09118e+07,5.88044e+06,-0.00328324,0.00248198,,0,,0,-3.61882e+06,5.91576e+06,0.0132409,0.0118982,-7.42386e+07,8.03341e+06,-0.00542197,0.00194605,,,,,,,,,,,,,,,,,,,,,,,,,,,,,,,,,,,,,,,,,,,,,,,,,,,,,,,,,,,,,,,,,,,,,,,,,,,,,,,,,,,,,,,,,,,,,,,,,,,,
2017,7,2.05072e+07,6.12021e+06,-0.0170739,0.00347763,3.37262e+07,728895,0.0568745,0.00123089,2.09623e+07,6.70816e+06,0.064429,0.0164983,-9.42584e+07,7.79481e+06,-0.00666143,0.00206719,,,,,,,,,,,,,,,,,,,,,,,,,,,,,,,,,,,,,,,,,,,,,,,,,,,,,,,,,,,,,,,,,,,,,,,,,,,,,,,,,,,,,,,,,,,,,,,,,,,,
2017,8,3.74801e+06,6.47142e+06,-0.00685869,0.0079564,1.5289e+07,661420,0.0237641,0.00103572,1.13048e+08,8.11773e+06,0.508282,0.0276423,-8.37251e+07,8.23211e+06,-0.00553807,0.0027764,,,,,,,,,,,,,,,,,,,,,,,,,,,,,,,,,,,,,,,,,,,,,,,,,,,,,,,,,,,,,,,,,,,,,,,,,,,,,,,,,,,,,,,,,,,,,,,,,,,,
2017,9,2.3659e+07,6.21061e+06,-0.0397871,0.00765308,1.66855e+07,657586,0.0413934,0.0016018,5.85855e+07,7.87881e+06,0.313665,0.0270092,-5.95904e+07,8.32715e+06,0.0046382,0.00220016,,,,,,,,,,,,,,,,,,,,,,,,,,,,,,,,,,,,,,,,,,,,,,,,,,,,,,,,,,,,,,,,,,,,,,,,,,,,,,,,,,,,,,,,,,,,,,,,,,,,
2017,10,4.09308e+07,6.28852e+06,-0.0243992,0.00630942,,0,,0,4.01524e+07,7.66234e+06,0.13255,0.0184828,-8.08993e+07,8.2841e+06,0.0117464,0.00221985,,,,,,,,,,,,,,,,,,,,,,,,,,,,,,,,,,,,,,,,,,,,,,,,,,,,,,,,,,,,,,,,,,,,,,,,,,,,,,,,,,,,,,,,,,,,,,,,,,,,
2017,11,5.61262e+07,6.47948e+06,0.0160163,0.00282384,,0,,0,7.75224e+06,9.19041e+06,0.0780974,0.0159102,-1.15083e+08,8.77369e+06,0.0207504,0.00204298,,,,,,,,,,,,,,,,,,,,,,,,,,,,,,,,,,,,,,,,,,,,,,,,,,,,,,,,,,,,,,,,,,,,,,,,,,,,,,,,,,,,,,,,,,,,,,,,,,,,
2017,12,4.37703e+07,6.59685e+06,0.0200801,0.00231925,,0,,0,-2.24097e+07,1.11489e+07,0.0454371,0.0246868,-1.32274e+08,8.76437e+06,-0.00120528,0.00226346,,,,,,,,,,,,,,,,,,,,,,,,,,,,,,,,,,,,,,,,,,,,,,,,,,,,,,,,,,,,,,,,,,,,,,,,,,,,,,,,,,,,,,,,,,,,,,,,,,,,
2018,1,7.29018e+07,7.80515e+06,-0.00382886,0.00375525,,0,,0,-1.0069e+07,3.59562e+06,-0.0160726,0.00582074,-1.27427e+08,9.21711e+06,-0.014169,0.00193764,,,,,,,,,,,,,,,,,,,,,,,,,,,,,,,,,,,,,,,,,,,,,,,,,,,,,,,,,,,,,,,,,,,,,,,,,,,,,,,,,,,,,,,,,,,,,,,,,,,,
2018,2,8.21083e+07,7.70964e+06,-0.0812206,0.00811833,,0,,0,,0,,0,-1.00394e+08,8.85895e+06,0.0033392,0.00255671,,,,,,,,,,,,,,,,,,,,,,,,,,,,,,,,,,,,,,,,,,,,,,,,,,,,,,,,,,,,,,,,,,,,,,,,,,,,,,,,,,,,,,,,,,,,,,,,,,,,
2018,3,2.37627e+07,8.01184e+06,-0.0690672,0.00970544,,0,,0,,0,,0,-8.25457e+07,9.00525e+06,0.0208276,0.0030792,,,,,,,,,,,,,,,,,,,,,,,,,,,,,,,,,,,,,,,,,,,,,,,,,,,,,,,,,,,,,,,,,,,,,,,,,,,,,,,,,,,,,,,,,,,,,,,,,,,,
2018,4,-2.37929e+06,7.69782e+06,-0.048798,0.00669127,,0,,0,,0,,0,-7.86406e+07,9.11931e+06,0.0016258,0.00208281,,,,,,,,,,,,,,,,,,,,,,,,,,,,,,,,,,,,,,,,,,,,,,,,,,,,,,,,,,,,,,,,,,,,,,,,,,,,,,,,,,,,,,,,,,,,,,,,,,,,
2018,5,9.25626e+06,7.36884e+06,-0.00438761,0.00182628,,0,,0,-1.47989e+07,3.65462e+06,-0.0236563,0.0061355,-1.48868e+08,9.10796e+06,0.00979603,0.00178477,,,,,,,,,,,,,,,,,,,,,,,,,,,,,,,,,,,,,,,,,,,,,,,,,,,,,,,,,,,,,,,,,,,,,,,,,,,,,,,,,,,,,,,,,,,,,,,,,,,,
2018,6,7.26373e+06,7.21111e+06,0.0022959,0.00308327,,0,,0,-1.73637e+07,5.11984e+06,-0.00656949,0.00815021,-1.15448e+08,9.04029e+06,0.0145242,0.00179267,,,,,,,,,,,,,,,,,,,,,,,,,,,,,,,,,,,,,,,,,,,,,,,,,,,,,,,,,,,,,,,,,,,,,,,,,,,,,,,,,,,,,,,,,,,,,,,,,,,,
2018,7,1.99002e+07,7.09658e+06,-0.00418476,0.00575563,,0,,0,2.74319e+07,6.85061e+06,0.0878448,0.0155019,-1.13587e+08,8.66467e+06,0.0127953,0.00154973,,,,,,,,,,,,,,,,,,,,,,,,,,,,,,,,,,,,,,,,,,,,,,,,,,,,,,,,,,,,,,,,,,,,,,,,,,,,,,,,,,,,,,,,,,,,,,,,,,,,
2018,8,2.73039e+07,6.73155e+06,-0.0126867,0.00561553,,0,,0,6.04173e+07,8.42235e+06,0.2678,0.0310949,-8.82824e+07,8.7685e+06,0.0190628,0.00202155,,,,,,,,,,,,,,,,,,,,,,,,,,,,,,,,,,,,,,,,,,,,,,,,,,,,,,,,,,,,,,,,,,,,,,,,,,,,,,,,,,,,,,,,,,,,,,,,,,,,
2018,9,2.31428e+07,6.95336e+06,-0.0109827,0.00416222,,0,,0,5.98565e+07,7.85345e+06,0.262747,0.0309559,-1.1675e+08,8.33265e+06,0.0119638,0.00201249,,,,,,,,,,,,,,,,,,,,,,,,,,,,,,,,,,,,,,,,,,,,,,,,,,,,,,,,,,,,,,,,,,,,,,,,,,,,,,,,,,,,,,,,,,,,,,,,,,,,
2018,10,4.0505e+07,7.0191e+06,0.0303684,0.00537295,,0,,0,4.40453e+07,8.35395e+06,0.154603,0.0255783,-1.60204e+08,8.97535e+06,-0.00442579,0.00277234,,,,,,,,,,,,,,,,,,,,,,,,,,,,,,,,,,,,,,,,,,,,,,,,,,,,,,,,,,,,,,,,,,,,,,,,,,,,,,,,,,,,,,,,,,,,,,,,,,,,
2018,11,7.48414e+07,7.5811e+06,0.00935242,0.00250067,,0,,0,5.32383e+07,9.63886e+06,0.0673521,0.0185879,-1.33983e+08,9.2663e+06,0.0271628,0.00260941,,,,,,,,,,,,,,,,,,,,,,,,,,,,,,,,,,,,,,,,,,,,,,,,,,,,,,,,,,,,,,,,,,,,,,,,,,,,,,,,,,,,,,,,,,,,,,,,,,,,
2018,12,5.67714e+07,7.17239e+06,0.0381408,0.00443299,,0,,0,8.44474e+06,9.84446e+06,0.0348523,0.0214849,-1.54951e+08,8.64841e+06,-0.00810647,0.00195344,,,,,,,,,,,,,,,,,,,,,,,,,,,,,,,,,,,,,,,,,,,,,,,,,,,,,,,,,,,,,,,,,,,,,,,,,,,,,,,,,,,,,,,,,,,,,,,,,,,,
2019,1,5.62395e+07,6.7732e+06,0.0152212,0.00579931,,0,,0,-5.64283e+06,3.81198e+06,-0.00885718,0.00619984,-1.44619e+08,8.86207e+06,-0.0406282,0.00287206,,,,,,,,,,,,,,,,,,,,,,,,,,,,,,,,,,,,,,,,,,,,,,,,,,,,,,,,,,,,,,,,,,,,,,,,,,,,,,,,,,,,,,,,,,,,,,,,,,,,
2019,2,8.92917e+07,7.14729e+06,-0.0202899,0.00365444,,0,,0,,0,,0,-1.10677e+08,8.63366e+06,-0.00644472,0.0026999,,,,,,,,,,,,,,,,,,,,,,,,,,,,,,,,,,,,,,,,,,,,,,,,,,,,,,,,,,,,,,,,,,,,,,,,,,,,,,,,,,,,,,,,,,,,,,,,,,,,
2019,3,7.12449e+07,7.0348e+06,-0.0380743,0.00508063,,0,,0,,0,,0,-1.1431e+08,8.63411e+06,0.00887424,0.00209707,,,,,,,,,,,,,,,,,,,,,,,,,,,,,,,,,,,,,,,,,,,,,,,,,,,,,,,,,,,,,,,,,,,,,,,,,,,,,,,,,,,,,,,,,,,,,,,,,,,,
2019,4,3.38747e+07,6.42961e+06,-0.0302162,0.00457405,,0,,0,2.30891e+06,3.52977e+06,0.00263017,0.00534114,-9.77202e+07,8.81792e+06,0.00627609,0.00222237,,,,,,,,,,,,,,,,,,,,,,,,,,,,,,,,,,,,,,,,,,,,,,,,,,,,,,,,,,,,,,,,,,,,,,,,,,,,,,,,,,,,,,,,,,,,,,,,,,,,
2019,5,1.87446e+06,6.10289e+06,-0.0109389,0.00185225,,0,,0,8.37521e+06,5.6912e+06,0.0192356,0.00938427,-7.51864e+07,8.52449e+06,-0.01676,0.00198351,,,,,,,,,,,,,,,,,,,,,,,,,,,,,,,,,,,,,,,,,,,,,,,,,,,,,,,,,,,,,,,,,,,,,,,,,,,,,,,,,,,,,,,,,,,,,,,,,,,,
2019,6,4.75371e+06,6.66018e+06,-0.0120133,0.00360977,,0,,0,-8.40347e+06,6.69442e+06,-0.0264353,0.0118418,-7.49856e+07,9.00793e+06,-0.00898287,0.00247107,,,,,,,,,,,,,,,,,,,,,,,,,,,,,,,,,,,,,,,,,,,,,,,,,,,,,,,,,,,,,,,,,,,,,,,,,,,,,,,,,,,,,,,,,,,,,,,,,,,,
2019,7,-2.53435e+07,6.5232e+06,-0.032347,0.00444771,3.45389e+07,819064,0.0818513,0.00186395,8.21121e+07,8.49386e+06,0.238923,0.0236035,-6.61565e+07,8.34432e+06,0.0130919,0.00240176,,,,,,,,,,,,,,,,,,,,,,,,,,,,,,,,,,,,,,,,,,,,,,,,,,,,,,,,,,,,,,,,,,,,,,,,,,,,,,,,,,,,,,,,,,,,,,,,,,,,
2019,8,-4.81666e+06,6.30558e+06,-0.0281987,0.00669463,3.62124e+07,863032,0.093341,0.00220338,7.53444e+07,8.32198e+06,0.412238,0.0310518,-6.78018e+07,8.38821e+06,0.0213185,0.00345577,,,,,,,,,,,,,,,,,,,,,,,,,,,,,,,,,,,,,,,,,,,,,,,,,,,,,,,,,,,,,,,,,,,,,,,,,,,,,,,,,,,,,,,,,,,,,,,,,,,,
2019,9,5.7223e+07,6.85032e+06,0.0400683,0.00625119,4.02615e+07,760139,0.0703753,0.00134186,3.4719e+07,7.51824e+06,0.17899,0.0233037,-8.07129e+07,8.33713e+06,0.0182605,0.00256756,,,,,,,,,,,,,,,,,,,,,,,,,,,,,,,,,,,,,,,,,,,,,,,,,,,,,,,,,,,,,,,,,,,,,,,,,,,,,,,,,,,,,,,,,,,,,,,,,,,,
2019,10,2.24562e+07,7.10447e+06,0.0195488,0.00633195,,0,,0,2.21518e+06,7.8308e+06,0.0493079,0.0251869,-3.09942e+07,8.47074e+06,0.0238828,0.00257733,,,,,,,,,,,,,,,,,,,,,,,,,,,,,,,,,,,,,,,,,,,,,,,,,,,,,,,,,,,,,,,,,,,,,,,,,,,,,,,,,,,,,,,,,,,,,,,,,,,,
2019,11,209614,6.79784e+06,0.00264194,0.00317458,,0,,0,-7.81833e+06,8.69077e+06,0.0297302,0.0208475,-4.90906e+07,8.52269e+06,0.0108151,0.00177687,,,,,,,,,,,,,,,,,,,,,,,,,,,,,,,,,,,,,,,,,,,,,,,,,,,,,,,,,,,,,,,,,,,,,,,,,,,,,,,,,,,,,,,,,,,,,,,,,,,,
2019,12,1.94874e+07,7.12417e+06,0.0156012,0.00401907,,0,,0,3.31143e+06,9.80894e+06,0.0191008,0.0160315,-1.21429e+08,8.39028e+06,-0.00734884,0.00183753,,,,,,,,,,,,,,,,,,,,,,,,,,,,,,,,,,,,,,,,,,,,,,,,,,,,,,,,,,,,,,,,,,,,,,,,,,,,,,,,,,,,,,,,,,,,,,,,,,,,
2020,1,1.09611e+08,7.09134e+06,-0.00736714,0.0020344,,0,,0,-9.19469e+06,7.0022e+06,-0.0186286,0.0130927,-1.43667e+08,7.96667e+06,-0.0107416,0.00135086,,,,,,,,,,,,,,,,,,,,,,,,,,,,,,,,,,,,,,,,,,,,,,,,,,,,,,,,,,,,,,,,,,,,,,,,,,,,,,,,,,,,,,,,,,,,,,,,,,,,
2020,2,5.35678e+07,6.32772e+06,-0.0422657,0.00320265,,0,,0,-8.84566e+06,4.01596e+06,-0.0204543,0.00738535,-1.57272e+08,7.80686e+06,-0.0201579,0.00187428,,,,,,,,,,,,,,,,,,,,,,,,,,,,,,,,,,,,,,,,,,,,,,,,,,,,,,,,,,,,,,,,,,,,,,,,,,,,,,,,,,,,,,,,,,,,,,,,,,,,
2020,3,2.98471e+07,7.85661e+06,-0.00406308,0.00301069,,0,,0,,0,,0,-1.35735e+08,7.7342e+06,-0.0220851,0.00167353,,,,,,,,,,,,,,,,,,,,,,,,,,,,,,,,,,,,,,,,,,,,,,,,,,,,,,,,,,,,,,,,,,,,,,,,,,,,,,,,,,,,,,,,,,,,,,,,,,,,
2020,4,3.8621e+07,5.40804e+06,-0.016511,0.00217696,,0,,0,-1.02009e+07,4.2703e+06,-0.0114779,0.0064834,-8.98802e+07,8.16981e+06,-0.00707497,0.00177696,,,,,,,,,,,,,,,,,,,,,,,,,,,,,,,,,,,,,,,,,,,,,,,,,,,,,,,,,,,,,,,,,,,,,,,,,,,,,,,,,,,,,,,,,,,,,,,,,,,,
2020,5,2.62598e+07,6.0024e+06,0.00428007,0.00244736,,0,,0,1.04115e+07,5.04154e+06,0.0346633,0.00858432,-9.79566e+07,8.38915e+06,0.000593221,0.00177996,,,,,,,,,,,,,,,,,,,,,,,,,,,,,,,,,,,,,,,,,,,,,,,,,,,,,,,,,,,,,,,,,,,,,,,,,,,,,,,,,,,,,,,,,,,,,,,,,,,,
2020,6,1.00406e+07,6.49713e+06,0.00185004,0.00366525,,0,,0,2.38598e+07,5.35368e+06,0.075913,0.00905525,-1.12632e+08,8.02278e+06,-0.0195327,0.0021282,,,,,,,,,,,,,,,,,,,,,,,,,,,,,,,,,,,,,,,,,,,,,,,,,,,,,,,,,,,,,,,,,,,,,,,,,,,,,,,,,,,,,,,,,,,,,,,,,,,,
2020,7,-1.6829e+07,5.9398e+06,-0.00710551,0.00468168,,0,,0,7.81356e+07,8.45042e+06,0.264393,0.0254883,-1.08364e+08,7.94124e+06,-0.00182965,0.00203388,,,,,,,,,,,,,,,,,,,,,,,,,,,,,,,,,,,,,,,,,,,,,,,,,,,,,,,,,,,,,,,,,,,,,,,,,,,,,,,,,,,,,,,,,,,,,,,,,,,,
2020,8,-9.27493e+06,6.06231e+06,-0.036488,0.00529201,3.05203e+07,803898,0.0569037,0.00148105,5.7866e+07,8.20191e+06,0.264112,0.0251648,-8.08647e+07,8.20564e+06,0.01352,0.00258017,,,,,,,,,,,,,,,,,,,,,,,,,,,,,,,,,,,,,,,,,,,,,,,,,,,,,,,,,,,,,,,,,,,,,,,,,,,,,,,,,,,,,,,,,,,,,,,,,,,,
2020,9,1.52028e+07,6.10282e+06,0.00817295,0.00333569,1.62474e+07,660863,0.0330418,0.00134539,6.2184e+07,7.58039e+06,0.182108,0.0193022,-1.41555e+08,8.22574e+06,0.00738288,0.0023732,,,,,,,,,,,,,,,,,,,,,,,,,,,,,,,,,,,,,,,,,,,,,,,,,,,,,,,,,,,,,,,,,,,,,,,,,,,,,,,,,,,,,,,,,,,,,,,,,,,,
2020,10,5.34741e+07,6.48916e+06,0.0376813,0.00452874,,0,,0,2.14684e+07,8.66978e+06,0.072824,0.0189236,-8.58241e+07,8.20763e+06,0.0101775,0.0033316,,,,,,,,,,,,,,,,,,,,,,,,,,,,,,,,,,,,,,,,,,,,,,,,,,,,,,,,,,,,,,,,,,,,,,,,,,,,,,,,,,,,,,,,,,,,,,,,,,,,
2020,11,6.97216e+07,6.64489e+06,0.0405467,0.00449617,,0,,0,5.07938e+07,8.82822e+06,0.0608109,0.0103342,-1.52841e+08,7.97644e+06,0.00907715,0.00232494,,,,,,,,,,,,,,,,,,,,,,,,,,,,,,,,,,,,,,,,,,,,,,,,,,,,,,,,,,,,,,,,,,,,,,,,,,,,,,,,,,,,,,,,,,,,,,,,,,,,
2020,12,7.72267e+07,6.53546e+06,0.0346783,0.00266913,,0,,0,1.33224e+07,1.04213e+07,0.0780035,0.016571,-8.38643e+07,7.98805e+06,0.00144865,0.00196437,,,,,,,,,,,,,,,,,,,,,,,,,,,,,,,,,,,,,,,,,,,,,,,,,,,,,,,,,,,,,,,,,,,,,,,,,,,,,,,,,,,,,,,,,,,,,,,,,,,,
2021,1,7.82164e+07,7.24483e+06,-0.0236007,0.00366019,,0,,0,-9.18915e+06,6.18588e+06,-0.0101186,0.00974268,-9.9592e+07,8.62558e+06,-0.0115454,0.00136325,,,,,,,,,,,,,,,,,,,,,,,,,,,,,,,,,,,,,,,,,,,,,,,,,,,,,,,,,,,,,,,,,,,,,,,,,,,,,,,,,,,,,,,,,,,,,,,,,,,,
2021,2,5.32298e+07,7.41852e+06,-0.039385,0.00410612,,0,,0,-5.14e+06,3.09848e+06,-0.00786007,0.00458068,-8.21382e+07,8.88081e+06,-0.00185596,0.00283546,,,,,,,,,,,,,,,,,,,,,,,,,,,,,,,,,,,,,,,,,,,,,,,,,,,,,,,,,,,,,,,,,,,,,,,,,,,,,,,,,,,,,,,,,,,,,,,,,,,,
2021,3,5.63512e+07,7.13858e+06,-0.0402491,0.00482737,,0,,0,,0,,0,-1.25096e+08,8.63298e+06,0.0239383,0.0032021,,,,,,,,,,,,,,,,,,,,,,,,,,,,,,,,,,,,,,,,,,,,,,,,,,,,,,,,,,,,,,,,,,,,,,,,,,,,,,,,,,,,,,,,,,,,,,,,,,,,
2021,4,8.39311e+07,6.59666e+06,-0.0211945,0.00323592,,0,,0,,0,,0,-1.19744e+08,8.48773e+06,0.0440129,0.00308446,,,,,,,,,,,,,,,,,,,,,,,,,,,,,,,,,,,,,,,,,,,,,,,,,,,,,,,,,,,,,,,,,,,,,,,,,,,,,,,,,,,,,,,,,,,,,,,,,,,,
2021,5,3.77469e+07,6.93181e+06,0.00893391,0.00267526,,0,,0,-2.11317e+07,6.0228e+06,-0.0310103,0.0111024,-6.84628e+07,8.98398e+06,0.00448481,0.00290296,,,,,,,,,,,,,,,,,,,,,,,,,,,,,,,,,,,,,,,,,,,,,,,,,,,,,,,,,,,,,,,,,,,,,,,,,,,,,,,,,,,,,,,,,,,,,,,,,,,,
2021,6,1.94034e+07,6.3316e+06,-0.0081932,0.0035701,,0,,0,967882,6.15297e+06,0.0286415,0.0109981,-1.1209e+08,8.4427e+06,-0.0061108,0.00180775,,,,,,,,,,,,,,,,,,,,,,,,,,,,,,,,,,,,,,,,,,,,,,,,,,,,,,,,,,,,,,,,,,,,,,,,,,,,,,,,,,,,,,,,,,,,,,,,,,,,
2021,7,1.78916e+07,6.70357e+06,0.030184,0.0048795,3.07662e+07,819927,0.0794523,0.00212178,3.39297e+07,1.0514e+07,0.128683,0.0284241,-8.93798e+07,8.63584e+06,-0.0072164,0.00255358,,,,,,,,,,,,,,,,,,,,,,,,,,,,,,,,,,,,,,,,,,,,,,,,,,,,,,,,,,,,,,,,,,,,,,,,,,,,,,,,,,,,,,,,,,,,,,,,,,,,
2021,8,3.21171e+07,6.46404e+06,0.00857562,0.00572652,2.46182e+07,763215,0.072155,0.00226807,1.02964e+07,8.54023e+06,0.0752752,0.0275083,-4.24596e+07,8.83623e+06,0.0217474,0.00289206,,,,,,,,,,,,,,,,,,,,,,,,,,,,,,,,,,,,,,,,,,,,,,,,,,,,,,,,,,,,,,,,,,,,,,,,,,,,,,,,,,,,,,,,,,,,,,,,,,,,
2021,9,7.10814e+07,6.39856e+06,0.0348251,0.00499118,1.73186e+07,812134,0.0446734,0.00212752,2.92161e+07,7.77821e+06,0.116666,0.0276251,-1.22529e+08,8.7002e+06,-0.00127386,0.00282574,,,,,,,,,,,,,,,,,,,,,,,,,,,,,,,,,,,,,,,,,,,,,,,,,,,,,,,,,,,,,,,,,,,,,,,,,,,,,,,,,,,,,,,,,,,,,,,,,,,,
2021,10,8.59346e+07,6.2491e+06,0.0339671,0.00347202,,0,,0,6.0101e+06,7.1859e+06,0.0124885,0.0210838,-1.02499e+08,8.88802e+06,-0.000151485,0.00219695,,,,,,,,,,,,,,,,,,,,,,,,,,,,,,,,,,,,,,,,,,,,,,,,,,,,,,,,,,,,,,,,,,,,,,,,,,,,,,,,,,,,,,,,,,,,,,,,,,,,
2021,11,9.09863e+07,6.70607e+06,0.0312793,0.00372112,,0,,0,6.94843e+06,8.5945e+06,0.0524951,0.0143542,-5.96297e+07,8.62844e+06,0.00656781,0.00200078,,,,,,,,,,,,,,,,,,,,,,,,,,,,,,,,,,,,,,,,,,,,,,,,,,,,,,,,,,,,,,,,,,,,,,,,,,,,,,,,,,,,,,,,,,,,,,,,,,,,
2021,12,5.71652e+07,7.08027e+06,0.016256,0.0036606,,0,,0,1.66825e+07,9.79807e+06,0.0583354,0.015181,-7.82514e+07,8.43757e+06,-0.00292782,0.0025301,,,,,,,,,,,,,,,,,,,,,,,,,,,,,,,,,,,,,,,,,,,,,,,,,,,,,,,,,,,,,,,,,,,,,,,,,,,,,,,,,,,,,,,,,,,,,,,,,,,,
2022,1,6.31444e+07,7.9279e+06,0.0274265,0.00523898,,0,,0,-9.06984e+06,6.05594e+06,-0.0100752,0.0098823,-1.47646e+08,9.17421e+06,0.0106054,0.00211806,,,,,,,,,,,,,,,,,,,,,,,,,,,,,,,,,,,,,,,,,,,,,,,,,,,,,,,,,,,,,,,,,,,,,,,,,,,,,,,,,,,,,,,,,,,,,,,,,,,,
2022,2,6.83847e+07,8.06437e+06,-0.053841,0.00516742,,0,,0,-2.58013e+07,5.00191e+06,-0.0461689,0.00908791,-1.25589e+08,9.37778e+06,0.0182822,0.00229367,,,,,,,,,,,,,,,,,,,,,,,,,,,,,,,,,,,,,,,,,,,,,,,,,,,,,,,,,,,,,,,,,,,,,,,,,,,,,,,,,,,,,,,,,,,,,,,,,,,,
2022,3,5.76042e+07,7.43351e+06,-0.0719912,0.00581485,,0,,0,,0,,0,-1.42593e+08,9.04606e+06,0.05667,0.00420104,,,,,,,,,,,,,,,,,,,,,,,,,,,,,,,,,,,,,,,,,,,,,,,,,,,,,,,,,,,,,,,,,,,,,,,,,,,,,,,,,,,,,,,,,,,,,,,,,,,,
2022,4,4.72946e+07,6.97484e+06,-0.0388204,0.00693498,,0,,0,,0,,0,-7.6226e+07,8.93403e+06,0.00947304,0.00360492,,,,,,,,,,,,,,,,,,,,,,,,,,,,,,,,,,,,,,,,,,,,,,,,,,,,,,,,,,,,,,,,,,,,,,,,,,,,,,,,,,,,,,,,,,,,,,,,,,,,
2022,5,2.08633e+07,7.0283e+06,-0.0083319,0.00198564,,0,,0,-3.15196e+06,3.11491e+06,-0.00553083,0.00506952,-9.06313e+07,9.39814e+06,-0.00608058,0.00237192,,,,,,,,,,,,,,,,,,,,,,,,,,,,,,,,,,,,,,,,,,,,,,,,,,,,,,,,,,,,,,,,,,,,,,,,,,,,,,,,,,,,,,,,,,,,,,,,,,,,
2022,6,2.44144e+07,6.48206e+06,0.00195245,0.00410508,,0,,0,9.21016e+06,4.87988e+06,0.0351712,0.0103424,-1.06426e+08,8.91275e+06,-0.0162399,0.00289546,,,,,,,,,,,,,,,,,,,,,,,,,,,,,,,,,,,,,,,,,,,,,,,,,,,,,,,,,,,,,,,,,,,,,,,,,,,,,,,,,,,,,,,,,,,,,,,,,,,,
2022,7,1.45319e+07,7.59295e+06,0.00331473,0.00714774,,0,,0,7.75664e+06,6.57789e+06,0.0345083,0.0152077,-1.17273e+08,8.99542e+06,-0.0239333,0.00315032,,,,,,,,,,,,,,,,,,,,,,,,,,,,,,,,,,,,,,,,,,,,,,,,,,,,,,,,,,,,,,,,,,,,,,,,,,,,,,,,,,,,,,,,,,,,,,,,,,,,
2022,8,2.14074e+07,6.93178e+06,0.00552688,0.00854556,,0,,0,3.2284e+07,8.15991e+06,0.133773,0.0261387,-1.40209e+08,8.95468e+06,-0.0327167,0.00419023,,,,,,,,,,,,,,,,,,,,,,,,,,,,,,,,,,,,,,,,,,,,,,,,,,,,,,,,,,,,,,,,,,,,,,,,,,,,,,,,,,,,,,,,,,,,,,,,,,,,
2022,9,-5.52924e+06,7.10169e+06,-0.0272885,0.00877528,,0,,0,-1.31531e+07,8.49844e+06,0.00670949,0.0291745,-1.16948e+08,8.97703e+06,-0.0522672,0.00421072,,,,,,,,,,,,,,,,,,,,,,,,,,,,,,,,,,,,,,,,,,,,,,,,,,,,,,,,,,,,,,,,,,,,,,,,,,,,,,,,,,,,,,,,,,,,,,,,,,,,
2022,10,2.99312e+07,7.20891e+06,0.0209342,0.00807983,,0,,0,-5.54884e+06,8.65519e+06,0.0234424,0.0230096,-1.53923e+08,9.09183e+06,-0.0158255,0.00301836,,,,,,,,,,,,,,,,,,,,,,,,,,,,,,,,,,,,,,,,,,,,,,,,,,,,,,,,,,,,,,,,,,,,,,,,,,,,,,,,,,,,,,,,,,,,,,,,,,,,
2022,11,4.61579e+07,7.60922e+06,0.000225484,0.00640387,,0,,0,4.2686e+07,9.34255e+06,0.109561,0.0165822,-1.18774e+08,8.86821e+06,-0.00578257,0.00241179,,,,,,,,,,,,,,,,,,,,,,,,,,,,,,,,,,,,,,,,,,,,,,,,,,,,,,,,,,,,,,,,,,,,,,,,,,,,,,,,,,,,,,,,,,,,,,,,,,,,
2022,12,2.64573e+07,7.4615e+06,0.0488274,0.00639878,,0,,0,1.90618e+07,9.83493e+06,0.114763,0.0224374,-1.00064e+08,9.06081e+06,-0.0146,0.00322521,,,,,,,,,,,,,,,,,,,,,,,,,,,,,,,,,,,,,,,,,,,,,,,,,,,,,,,,,,,,,,,,,,,,,,,,,,,,,,,,,,,,,,,,,,,,,,,,,,,,
2023,1,4.08297e+07,6.90168e+06,0.0126258,0.00526885,,0,,0,-2.42374e+07,4.63246e+06,-0.0360365,0.00725559,-1.68743e+08,8.639e+06,0.0164726,0.00303777,,,,,,,,,,,,,,,,,,,,,,,,,,,,,,,,,,,,,,,,,,,,,,,,,,,,,,,,,,,,,,,,,,,,,,,,,,,,,,,,,,,,,,,,,,,,,,,,,,,,
2023,2,7.91989e+07,6.7315e+06,-0.00507386,0.00285028,,0,,0,1.52501e+06,2.46062e+06,0.00264828,0.00406542,-1.75772e+08,8.69476e+06,-0.0373054,0.00298773,,,,,,,,,,,,,,,,,,,,,,,,,,,,,,,,,,,,,,,,,,,,,,,,,,,,,,,,,,,,,,,,,,,,,,,,,,,,,,,,,,,,,,,,,,,,,,,,,,,,
2023,3,3.3983e+07,7.20853e+06,-0.0184798,0.00378698,,0,,0,,0,,0,-8.99036e+07,8.57322e+06,-0.000998728,0.00298823,,,,,,,,,,,,,,,,,,,,,,,,,,,,,,,,,,,,,,,,,,,,,,,,,,,,,,,,,,,,,,,,,,,,,,,,,,,,,,,,,,,,,,,,,,,,,,,,,,,,
2023,4,3.2937e+07,6.36915e+06,-0.020967,0.00331773,,0,,0,7.85934e+06,1.86997e+06,0.0127775,0.00305762,-1.04377e+08,8.61799e+06,0.00783438,0.0029991,,,,,,,,,,,,,,,,,,,,,,,,,,,,,,,,,,,,,,,,,,,,,,,,,,,,,,,,,,,,,,,,,,,,,,,,,,,,,,,,,,,,,,,,,,,,,,,,,,,,
2023,5,4.17461e+07,6.06406e+06,0.00418898,0.00272047,,0,,0,-6.63085e+06,2.72869e+06,-0.00875705,0.00400739,-1.31977e+08,8.91489e+06,0.023568,0.00310343,,,,,,,,,,,,,,,,,,,,,,,,,,,,,,,,,,,,,,,,,,,,,,,,,,,,,,,,,,,,,,,,,,,,,,,,,,,,,,,,,,,,,,,,,,,,,,,,,,,,
2023,6,3.72165e+07,6.36445e+06,0.0105906,0.00236088,,0,,0,-6.91325e+06,2.56376e+06,-0.00968803,0.00403456,-1.17425e+08,8.92275e+06,-0.0120725,0.0022287,,,,,,,,,,,,,,,,,,,,,,,,,,,,,,,,,,,,,,,,,,,,,,,,,,,,,,,,,,,,,,,,,,,,,,,,,,,,,,,,,,,,,,,,,,,,,,,,,,,,
2023,7,3.48427e+07,7.06109e+06,-0.0021798,0.00421269,,0,,0,4.4423e+07,9.25072e+06,0.178247,0.0266693,-6.94587e+07,8.83228e+06,-0.00155284,0.00377066,,,,,,,,,,,,,,,,,,,,,,,,,,,,,,,,,,,,,,,,,,,,,,,,,,,,,,,,,,,,,,,,,,,,,,,,,,,,,,,,,,,,,,,,,,,,,,,,,,,,
2023,8,2.53029e+07,6.94699e+06,-0.0146107,0.00710771,2.92397e+07,690636,0.0727945,0.00170858,4.00368e+07,8.26629e+06,0.151308,0.0282719,-9.90584e+07,8.45452e+06,-0.0221493,0.00437337,,,,,,,,,,,,,,,,,,,,,,,,,,,,,,,,,,,,,,,,,,,,,,,,,,,,,,,,,,,,,,,,,,,,,,,,,,,,,,,,,,,,,,,,,,,,,,,,,,,,
2023,9,4.19198e+07,6.63218e+06,0.0258425,0.00769975,2.13874e+07,667099,0.0556603,0.00174364,-1.08447e+07,7.45102e+06,-0.0241113,0.0230897,-9.16476e+07,8.38458e+06,-0.023677,0.00543192,,,,,,,,,,,,,,,,,,,,,,,,,,,,,,,,,,,,,,,,,,,,,,,,,,,,,,,,,,,,,,,,,,,,,,,,,,,,,,,,,,,,,,,,,,,,,,,,,,,,
2023,10,3.73947e+07,6.78833e+06,0.0395561,0.00580444,,0,,0,-2.56494e+07,7.88749e+06,-0.0560648,0.0178518,-8.37846e+07,8.15399e+06,-0.000969588,0.00492945,,,,,,,,,,,,,,,,,,,,,,,,,,,,,,,,,,,,,,,,,,,,,,,,,,,,,,,,,,,,,,,,,,,,,,,,,,,,,,,,,,,,,,,,,,,,,,,,,,,,
2023,11,2.57123e+07,6.19829e+06,0.0227841,0.00442481,,0,,0,-1.3461e+07,8.9542e+06,0.0151146,0.0130822,-5.75953e+07,8.10436e+06,-0.00647509,0.0037422,,,,,,,,,,,,,,,,,,,,,,,,,,,,,,,,,,,,,,,,,,,,,,,,,,,,,,,,,,,,,,,,,,,,,,,,,,,,,,,,,,,,,,,,,,,,,,,,,,,,
2023,12,1.71414e+07,6.1288e+06,-0.0106798,0.00448055,,0,,0,-3.7356e+07,1.01482e+07,-0.00623911,0.0190253,-9.95256e+07,7.88118e+06,-0.0402131,0.00327219,,,,,,,,,,,,,,,,,,,,,,,,,,,,,,,,,,,,,,,,,,,,,,,,,,,,,,,,,,,,,,,,,,,,,,,,,,,,,,,,,,,,,,,,,,,,,,,,,,,,
